quarter,as_on_date,symbol,company,sector,universe,fii_pct,dii_pct,source,updated_at
2024Q1,31-MAR-2024,PEL,Piramal Enterprises Limited,Financial Services,Midcap,16.97,13.2,https://nsearchives.nseindia.com/corporate/xbrl/SHP_188138_1103649_20042024020818_WEB.xml,2026-06-04T17:27:29+00:00
2024Q2,30-JUN-2024,PEL,Piramal Enterprises Limited,Financial Services,Midcap,16.19,13.35,https://nsearchives.nseindia.com/corporate/xbrl/SHP_190730_1198251_20072024085944_WEB.xml,2026-06-04T17:27:28+00:00
2024Q3,30-SEP-2024,PEL,Piramal Enterprises Limited,Financial Services,Midcap,14.93,14.95,https://nsearchives.nseindia.com/corporate/xbrl/SHP_193616_1284614_22102024020440_WEB.xml,2026-06-04T17:27:27+00:00
2024Q4,31-DEC-2024,ABB,ABB India Limited,Capital Goods,Nifty Next 50,11.85,5.69,https://nsearchives.nseindia.com/corporate/xbrl/SHP_195208_1350134_17012025065810_WEB.xml,2026-05-22T16:49:39+00:00
2024Q4,31-DEC-2024,ABCAPITAL,Aditya Birla Capital Limited,Financial Services,Midcap,9.22,9.52,https://nsearchives.nseindia.com/corporate/xbrl/SHP_195223_1350225_17012025072934_WEB.xml,2026-06-04T17:22:08+00:00
2024Q4,31-DEC-2024,ABFRL,Aditya Birla Fashion and Retail Limited,Retail,Midcap,18.35,14.57,https://nsearchives.nseindia.com/corporate/xbrl/SHP_195354_1351320_19012025120702_WEB.xml,2026-06-04T17:22:14+00:00
2024Q4,31-DEC-2024,ACC,ACC Limited,Cement,Midcap,5.14,24.66,https://nsearchives.nseindia.com/corporate/xbrl/SHP_194528_1344268_13012025065733_WEB.xml,2026-06-04T17:22:19+00:00
2024Q4,31-DEC-2024,ADANIENT,Adani Enterprises Limited,Conglomerate,Nifty 50,11.73,6.61,https://nsearchives.nseindia.com/corporate/xbrl/SHP_194363_1342852_11012025025121_WEB.xml,2026-06-04T18:22:45+00:00
2024Q4,31-DEC-2024,ADANIGREEN,Adani Green Energy Limited,Power,Nifty Next 50,13.68,1.72,https://nsearchives.nseindia.com/corporate/xbrl/SHP_194331_1342582_10012025081643_WEB.xml,2026-05-22T16:49:48+00:00
2024Q4,31-DEC-2024,ADANIPORTS,Adani Ports and Special Economic Zone Limited,Infrastructure,Nifty 50,13.94,14.2,https://nsearchives.nseindia.com/corporate/xbrl/SHP_194296_1342155_10012025050607_WEB.xml,2026-06-04T18:22:50+00:00
2024Q4,31-DEC-2024,ADANIPOWER,Adani Power Limited,Power,Nifty Next 50,12.35,1.61,https://nsearchives.nseindia.com/corporate/xbrl/SHP_194211_1341493_10012025120630_WEB.xml,2026-05-22T16:49:56+00:00
2024Q4,31-DEC-2024,ALKEM,Alkem Laboratories Limited,Pharma,Midcap,10.15,18.01,https://nsearchives.nseindia.com/corporate/xbrl/SHP_194870_1347333_16012025032648_WEB.xml,2026-06-04T17:22:24+00:00
2024Q4,31-DEC-2024,AMBUJACEM,Ambuja Cements Limited,Cement,Nifty Next 50,9.14,16.62,https://nsearchives.nseindia.com/corporate/xbrl/SHP_194390_1343078_11012025083144_WEB.xml,2026-05-22T16:50:04+00:00
2024Q4,31-DEC-2024,APLAPOLLO,APL Apollo Tubes Limited,Metals,Midcap,31.72,16.5,https://nsearchives.nseindia.com/corporate/xbrl/SHP_193875_1337906_06012025032548_WEB.xml,2026-06-04T17:22:30+00:00
2024Q4,31-DEC-2024,APOLLOHOSP,Apollo Hospitals Enterprise Limited,Healthcare,Nifty 50,45.27,19.98,https://nsearchives.nseindia.com/corporate/xbrl/SHP_194792_1346804_16012025104509_WEB.xml,2026-06-04T18:22:55+00:00
2024Q4,31-DEC-2024,ASHOKLEY,Ashok Leyland Limited,Auto,Midcap,24.09,13.04,https://nsearchives.nseindia.com/corporate/xbrl/SHP_195163_1349721_17012025053636_WEB.xml,2026-06-04T17:22:35+00:00
2024Q4,31-DEC-2024,ASIANPAINT,Asian Paints Limited,Consumer Goods,Nifty 50,13.61,14.06,https://nsearchives.nseindia.com/corporate/xbrl/SHP_194742_1346213_15012025045153_WEB.xml,2026-06-04T18:23:00+00:00
2024Q4,31-DEC-2024,ASTRAL,Astral Limited,Consumer Durables,Midcap,21.08,13.92,https://nsearchives.nseindia.com/corporate/xbrl/SHP_195424_1351715_20012025120120_WEB.xml,2026-06-04T17:22:40+00:00
2024Q4,31-DEC-2024,ATGL,Adani Total Gas Limited,Oil & Gas,Nifty Next 50,13.06,6.27,https://nsearchives.nseindia.com/corporate/xbrl/SHP_194721_1345979_15012025033244_WEB.xml,2026-05-22T16:50:12+00:00
2024Q4,31-DEC-2024,AUBANK,AU Small Finance Bank Limited,Banking,Midcap,39.35,21.78,https://nsearchives.nseindia.com/corporate/xbrl/SHP_195222_1350221_17012025072706_WEB.xml,2026-06-04T17:22:46+00:00
2024Q4,31-DEC-2024,AUROPHARMA,Aurobindo Pharma Limited,Pharma,Midcap,16.29,25.2,https://nsearchives.nseindia.com/corporate/xbrl/SHP_194478_1343799_13012025043701_WEB.xml,2026-06-04T17:22:51+00:00
2024Q4,31-DEC-2024,AXISBANK,Axis Bank Limited,Banking,Nifty 50,47.32,37.48,https://nsearchives.nseindia.com/corporate/xbrl/SHP_194378_1342990_11012025051049_WEB.xml,2026-06-04T18:23:05+00:00
2024Q4,31-DEC-2024,BAJAJ-AUTO,Bajaj Auto Limited,Auto,Nifty 50,12.45,10.06,https://nsearchives.nseindia.com/corporate/xbrl/SHP_195984_1429350_30042025054528_WEB.xml,2026-06-04T18:23:10+00:00
2024Q4,31-DEC-2024,BAJAJFINSV,Bajaj Finserv Limited,Financial Services,Nifty 50,7.4,8.92,https://nsearchives.nseindia.com/corporate/xbrl/SHP_195516_1352327_20012025032831_WEB.xml,2026-06-04T18:23:20+00:00
2024Q4,31-DEC-2024,BAJAJHLDNG,Bajaj Holdings & Investment Limited,Financial Services,Nifty Next 50,10.65,7.12,https://nsearchives.nseindia.com/corporate/xbrl/SHP_195404_1351608_20012025112853_WEB.xml,2026-05-22T16:50:21+00:00
2024Q4,31-DEC-2024,BAJFINANCE,Bajaj Finance Limited,Financial Services,Nifty 50,20.79,15.17,https://nsearchives.nseindia.com/corporate/xbrl/SHP_194782_1346603_15012025065008_WEB.xml,2026-06-04T18:23:15+00:00
2024Q4,31-DEC-2024,BALKRISIND,Balkrishna Industries Limited,Auto,Midcap,11.28,23.95,https://nsearchives.nseindia.com/corporate/xbrl/SHP_194987_1348449_17012025110845_WEB.xml,2026-06-04T17:22:57+00:00
2024Q4,31-DEC-2024,BANKBARODA,Bank of Baroda,Banking,Nifty Next 50,8.91,18.12,https://nsearchives.nseindia.com/corporate/xbrl/SHP_194143_1340760_09012025040628_WEB.xml,2026-05-22T16:50:29+00:00
2024Q4,31-DEC-2024,BEL,Bharat Electronics Limited,Defence,Nifty Next 50,17.35,20.94,https://nsearchives.nseindia.com/corporate/xbrl/SHP_194971_1348331_17012025092311_WEB.xml,2026-05-22T16:50:37+00:00
2024Q4,31-DEC-2024,BERGEPAINT,Berger Paints (I) Limited,Consumer Goods,Midcap,5.94,9.61,https://nsearchives.nseindia.com/corporate/xbrl/SHP_194890_1347461_16012025040903_WEB.xml,2026-06-04T17:23:02+00:00
2024Q4,31-DEC-2024,BHARATFORG,Bharat Forge Limited,Auto,Midcap,17.88,28.5,https://nsearchives.nseindia.com/corporate/xbrl/SHP_194972_1348337_17012025094754_WEB.xml,2026-06-04T17:23:07+00:00
2024Q4,31-DEC-2024,BHARTIARTL,Bharti Airtel Limited,Telecom,Nifty 50,24.27,19.63,https://nsearchives.nseindia.com/corporate/xbrl/SHP_195089_1349143_17012025033836_WEB.xml,2026-06-04T18:23:30+00:00
2024Q4,31-DEC-2024,BHEL,Bharat Heavy Electricals Limited,Capital Goods,Midcap,7.98,15.49,https://nsearchives.nseindia.com/corporate/xbrl/SHP_193997_1339408_08012025030701_WEB.xml,2026-06-04T17:23:13+00:00
2024Q4,31-DEC-2024,BIOCON,Biocon Limited,Pharma,Midcap,5.66,15.37,https://nsearchives.nseindia.com/corporate/xbrl/SHP_195723_1353792_20012025071832_WEB.xml,2026-06-04T17:23:18+00:00
2024Q4,31-DEC-2024,BOSCHLTD,Bosch Limited,Auto,Nifty Next 50,6.14,15.87,https://nsearchives.nseindia.com/corporate/xbrl/SHP_194945_1347952_16012025061506_WEB.xml,2026-05-22T16:50:45+00:00
2024Q4,31-DEC-2024,BPCL,Bharat Petroleum Corporation Limited,Oil & Gas,Nifty 50,14.71,22.27,https://nsearchives.nseindia.com/corporate/xbrl/SHP_194725_1346022_15012025034927_WEB.xml,2026-06-04T18:23:25+00:00
2024Q4,31-DEC-2024,BRITANNIA,Britannia Industries Limited,FMCG,Nifty 50,16.46,17.58,https://nsearchives.nseindia.com/corporate/xbrl/SHP_195840_1354535_21012025124229_WEB.xml,2026-06-04T18:23:35+00:00
2024Q4,31-DEC-2024,BSE,BSE Limited,Financial Services,Midcap,16.03,12.07,https://nsearchives.nseindia.com/corporate/xbrl/-,2026-06-04T17:23:23+00:00
2024Q4,31-DEC-2024,CAMS,Computer Age Management Services Limited,Financial Services,Midcap,57.63,17.35,https://nsearchives.nseindia.com/corporate/xbrl/SHP_195157_1349651_17012025052118_WEB.xml,2026-06-04T17:23:29+00:00
2024Q4,31-DEC-2024,CANBK,Canara Bank,Banking,Midcap,11.11,11.72,https://nsearchives.nseindia.com/corporate/xbrl/SHP_193846_1337391_03012025080642_WEB.xml,2026-06-04T17:23:34+00:00
2024Q4,31-DEC-2024,CGCL,Capri Global Capital Limited,Financial Services,Midcap,1.04,14.51,https://nsearchives.nseindia.com/corporate/xbrl/SHP_194044_1339743_08012025052639_WEB.xml,2026-06-04T17:23:40+00:00
2024Q4,31-DEC-2024,CGPOWER,CG Power and Industrial Solutions Limited,Capital Goods,Nifty Next 50,14.3,11.91,https://nsearchives.nseindia.com/corporate/xbrl/SHP_196070_1372330_06022025114645_WEB.xml,2026-05-22T16:51:01+00:00
2024Q4,31-DEC-2024,CHOLAFIN,Cholamandalam Investment and Finance Company Limited,Financial Services,Nifty Next 50,27.43,16.1,https://nsearchives.nseindia.com/corporate/xbrl/SHP_195800_1354284_21012025113317_WEB.xml,2026-05-22T16:50:53+00:00
2024Q4,31-DEC-2024,CIPLA,Cipla Limited,Pharma,Nifty 50,26.65,27.71,https://nsearchives.nseindia.com/corporate/xbrl/SHP_195757_1353977_20012025085509_WEB.xml,2026-06-04T18:23:40+00:00
2024Q4,31-DEC-2024,COALINDIA,Coal India Limited,Mining,Nifty 50,8.58,22.58,https://nsearchives.nseindia.com/corporate/xbrl/SHP_193961_1339111_08012025112046_WEB.xml,2026-06-03T19:34:31+00:00
2024Q4,31-DEC-2024,COFORGE,Coforge Limited,IT,Midcap,42.55,47.86,https://nsearchives.nseindia.com/corporate/xbrl/SHP_195859_1354669_21012025011551_WEB.xml,2026-06-04T17:23:45+00:00
2024Q4,31-DEC-2024,COLPAL,Colgate Palmolive (India) Limited,FMCG,Midcap,23.72,6.83,https://nsearchives.nseindia.com/corporate/xbrl/SHP_195140_1349548_17012025050326_WEB.xml,2026-06-04T17:23:50+00:00
2024Q4,31-DEC-2024,CONCOR,Container Corporation of India Limited,Logistics,Midcap,13.48,25.7,https://nsearchives.nseindia.com/corporate/xbrl/SHP_194923_1347792_16012025053201_WEB.xml,2026-06-04T17:23:55+00:00
2024Q4,31-DEC-2024,COROMANDEL,Coromandel International Limited,Chemicals,Midcap,8.33,21.02,https://nsearchives.nseindia.com/corporate/xbrl/SHP_196054_1356514_21012025091928_WEB.xml,2026-06-04T17:24:00+00:00
2024Q4,31-DEC-2024,CUMMINSIND,Cummins India Limited,Capital Goods,Midcap,18.1,21.91,https://nsearchives.nseindia.com/corporate/xbrl/SHP_195271_1350748_18012025041600_WEB.xml,2026-06-04T17:24:06+00:00
2024Q4,31-DEC-2024,DABUR,Dabur India Limited,FMCG,Nifty Next 50,13.27,14.92,https://nsearchives.nseindia.com/corporate/xbrl/SHP_195171_1349815_17012025055951_WEB.xml,2026-05-22T16:51:10+00:00
2024Q4,31-DEC-2024,DEEPAKNTR,Deepak Nitrite Limited,Chemicals,Midcap,6.6,23.22,https://nsearchives.nseindia.com/corporate/xbrl/SHP_193964_1339124_08012025112713_WEB.xml,2026-06-04T17:24:11+00:00
2024Q4,31-DEC-2024,DIVISLAB,Divi's Laboratories Limited,Pharma,Nifty 50,17.99,20.54,https://nsearchives.nseindia.com/corporate/xbrl/SHP_195156_1349647_17012025052059_WEB.xml,2026-05-22T16:58:31+00:00
2024Q4,31-DEC-2024,DIXON,Dixon Technologies (India) Limited,Consumer Durables,Midcap,23.22,22.62,https://nsearchives.nseindia.com/corporate/xbrl/SHP_195103_1349252_17012025040503_WEB.xml,2026-06-04T17:24:16+00:00
2024Q4,31-DEC-2024,DLF,DLF Limited,Realty,Nifty Next 50,16.37,4.87,https://nsearchives.nseindia.com/corporate/xbrl/SHP_193889_1338256_06012025073202_WEB.xml,2026-05-22T16:51:18+00:00
2024Q4,31-DEC-2024,DMART,Avenue Supermarts Limited,Retail,Nifty Next 50,8.96,8.14,https://nsearchives.nseindia.com/corporate/xbrl/SHP_195811_1354357_21012025115346_WEB.xml,2026-05-22T16:51:26+00:00
2024Q4,31-DEC-2024,DRREDDY,Dr. Reddy's Laboratories Limited,Pharma,Nifty 50,40.08,22.9,https://nsearchives.nseindia.com/corporate/xbrl/SHP_196056_1356539_21012025101621_WEB.xml,2026-05-22T16:58:39+00:00
2024Q4,31-DEC-2024,EICHERMOT,Eicher Motors Limited,Auto,Nifty 50,25.43,16.19,https://nsearchives.nseindia.com/corporate/xbrl/SHP_195534_1352447_20012025034838_WEB.xml,2026-05-22T16:58:47+00:00
2024Q4,31-DEC-2024,ESCORTS,Escorts Kubota Limited,Capital Goods,Midcap,5.89,10.2,https://nsearchives.nseindia.com/corporate/xbrl/SHP_194309_1342327_10012025060221_WEB.xml,2026-06-04T17:24:21+00:00
2024Q4,31-DEC-2024,EXIDEIND,Exide Industries Limited,Auto,Midcap,11.72,17.65,https://nsearchives.nseindia.com/corporate/xbrl/SHP_194596_1344916_14012025033407_WEB.xml,2026-06-04T17:24:27+00:00
2024Q4,31-DEC-2024,FEDERALBNK,The Federal Bank  Limited,Banking,Midcap,26.32,48.9,https://nsearchives.nseindia.com/corporate/xbrl/SHP_194786_1346628_15012025070324_WEB.xml,2026-06-04T17:24:32+00:00
2024Q4,31-DEC-2024,GAIL,GAIL (India) Limited,Oil & Gas,Nifty Next 50,16.05,17.7,https://nsearchives.nseindia.com/corporate/xbrl/SHP_193913_1338523_07012025022953_WEB.xml,2026-05-22T16:51:34+00:00
2024Q4,31-DEC-2024,GLAND,Gland Pharma Limited,Pharma,Midcap,5.04,34.8,https://nsearchives.nseindia.com/corporate/xbrl/SHP_195649_1353283_20012025055532_WEB.xml,2026-06-04T17:24:37+00:00
2024Q4,31-DEC-2024,GODREJCP,Godrej Consumer Products Limited,FMCG,Nifty Next 50,20.68,11.04,https://nsearchives.nseindia.com/corporate/xbrl/SHP_194779_1346578_15012025064206_WEB.xml,2026-05-22T16:51:43+00:00
2024Q4,31-DEC-2024,GODREJPROP,Godrej Properties Limited,Realty,Midcap,30.85,9.4,https://nsearchives.nseindia.com/corporate/xbrl/SHP_195641_1353225_20012025054731_WEB.xml,2026-06-04T17:24:42+00:00
2024Q4,31-DEC-2024,GRASIM,Grasim Industries Limited,Cement,Nifty 50,15.55,17.9,https://nsearchives.nseindia.com/corporate/xbrl/SHP_195563_1352659_20012025042147_WEB.xml,2026-05-22T16:58:56+00:00
2024Q4,31-DEC-2024,HAL,Hindustan Aeronautics Limited,Defence,Nifty Next 50,12.26,8.15,https://nsearchives.nseindia.com/corporate/xbrl/SHP_194484_1343842_13012025045429_WEB.xml,2026-05-22T16:51:51+00:00
2024Q4,31-DEC-2024,HAVELLS,Havells India Limited,Consumer Durables,Nifty Next 50,23.46,11.56,https://nsearchives.nseindia.com/corporate/xbrl/SHP_195632_1353158_20012025054047_WEB.xml,2026-05-22T16:51:59+00:00
2024Q4,31-DEC-2024,HCLTECH,HCL Technologies Limited,IT,Nifty 50,19.38,15.24,https://nsearchives.nseindia.com/corporate/xbrl/SHP_195956_1355483_21012025050400_WEB.xml,2026-05-22T16:59:04+00:00
2024Q4,31-DEC-2024,HDFCAMC,HDFC Asset Management Company Limited,Financial Services,Midcap,21.32,17.04,https://nsearchives.nseindia.com/corporate/xbrl/SHP_193999_1339428_08012025031644_WEB.xml,2026-06-04T17:24:48+00:00
2024Q4,31-DEC-2024,HDFCBANK,HDFC Bank Limited,Banking,Nifty 50,49.2,34.56,https://nsearchives.nseindia.com/corporate/xbrl/SHP_193840_1337043_03012025125244_WEB.xml,2026-05-22T16:59:12+00:00
2024Q4,31-DEC-2024,HDFCLIFE,HDFC Life Insurance Company Limited,Insurance,Nifty 50,25.14,13.74,https://nsearchives.nseindia.com/corporate/xbrl/SHP_195600_1352929_20012025050134_WEB.xml,2026-05-22T16:59:20+00:00
2024Q4,31-DEC-2024,HEROMOTOCO,Hero MotoCorp Limited,Auto,Nifty 50,27.96,27.72,https://nsearchives.nseindia.com/corporate/xbrl/SHP_194966_1348193_16012025073318_WEB.xml,2026-05-22T16:59:29+00:00
2024Q4,31-DEC-2024,HINDALCO,Hindalco Industries Limited,Metals,Nifty 50,31.72,24.64,https://nsearchives.nseindia.com/corporate/xbrl/SHP_194953_1348010_16012025064033_WEB.xml,2026-05-22T16:59:37+00:00
2024Q4,31-DEC-2024,HINDPETRO,Hindustan Petroleum Corporation Limited,Oil & Gas,Midcap,14.44,21.82,https://nsearchives.nseindia.com/corporate/xbrl/SHP_194507_1344019_13012025055307_WEB.xml,2026-06-04T17:24:53+00:00
2024Q4,31-DEC-2024,HINDUNILVR,Hindustan Unilever Limited,FMCG,Nifty 50,11.43,14.73,https://nsearchives.nseindia.com/corporate/xbrl/SHP_195226_1367858_31012025072633_WEB.xml,2026-05-22T16:59:45+00:00
2024Q4,31-DEC-2024,HINDZINC,Hindustan Zinc Limited,Metals,Nifty Next 50,1.39,4.12,https://nsearchives.nseindia.com/corporate/xbrl/SHP_195314_1351028_18012025053429_WEB.xml,2026-05-22T16:52:07+00:00
2024Q4,31-DEC-2024,HONAUT,Honeywell Automation India Limited,Capital Goods,Midcap,2.51,12.51,https://nsearchives.nseindia.com/corporate/xbrl/SHP_195356_1351340_19012025011336_WEB.xml,2026-06-04T17:24:58+00:00
2024Q4,31-DEC-2024,HYUNDAI,Hyundai Motor India Limited,Auto,Nifty Next 50,6.7,7.13,https://nsearchives.nseindia.com/corporate/xbrl/SHP_195778_1354129_21012025101659_WEB.xml,2026-05-22T16:52:15+00:00
2024Q4,31-DEC-2024,ICICIBANK,ICICI Bank Limited,Banking,Nifty 50,45.69,44.95,https://nsearchives.nseindia.com/corporate/xbrl/SHP_195045_1348807_17012025012711_WEB.xml,2026-05-22T16:59:53+00:00
2024Q4,31-DEC-2024,ICICIGI,ICICI Lombard General Insurance Company Limited,Insurance,Nifty Next 50,24.36,17.29,https://nsearchives.nseindia.com/corporate/xbrl/SHP_195555_1352613_20012025041341_WEB.xml,2026-05-22T16:52:24+00:00
2024Q4,31-DEC-2024,ICICIPRULI,ICICI Prudential Life Insurance Company Limited,Insurance,Nifty Next 50,12.78,9.45,https://nsearchives.nseindia.com/corporate/xbrl/SHP_195841_1354551_21012025124456_WEB.xml,2026-05-22T16:52:32+00:00
2024Q4,31-DEC-2024,IDEA,Vodafone Idea Limited,Telecom,Midcap,10.17,4.31,https://nsearchives.nseindia.com/corporate/xbrl/SHP_195647_1353273_20012025055353_WEB.xml,2026-06-04T17:25:03+00:00
2024Q4,31-DEC-2024,IDFCFIRSTB,IDFC First Bank Limited,Banking,Midcap,27.12,16.14,https://nsearchives.nseindia.com/corporate/xbrl/SHP_195203_1350086_17012025064741_WEB.xml,2026-06-04T17:25:09+00:00
2024Q4,31-DEC-2024,IGL,Indraprastha Gas Limited,Oil & Gas,Midcap,14.33,26.12,https://nsearchives.nseindia.com/corporate/xbrl/SHP_195154_1349636_17012025051851_WEB.xml,2026-06-04T17:25:14+00:00
2024Q4,31-DEC-2024,INDHOTEL,The Indian Hotels Company Limited,Hospitality,Nifty Next 50,27.78,18.56,https://nsearchives.nseindia.com/corporate/xbrl/SHP_194668_1345556_15012025111207_WEB.xml,2026-05-22T16:52:41+00:00
2024Q4,31-DEC-2024,INDIANB,Indian Bank,Banking,Midcap,4.78,17.64,https://nsearchives.nseindia.com/corporate/xbrl/SHP_194446_1343587_13012025033506_WEB.xml,2026-06-04T17:25:19+00:00
2024Q4,31-DEC-2024,INDIGO,InterGlobe Aviation Limited,Aviation,Nifty Next 50,24.82,21.21,https://nsearchives.nseindia.com/corporate/xbrl/SHP_195750_1353932_20012025082343_WEB.xml,2026-05-22T16:52:49+00:00
2024Q4,31-DEC-2024,INDUSINDBK,IndusInd Bank Limited,Banking,Nifty 50,24.74,42.81,https://nsearchives.nseindia.com/corporate/xbrl/SHP_194332_1342589_10012025082033_WEB.xml,2026-05-22T17:00:01+00:00
2024Q4,31-DEC-2024,INDUSTOWER,Indus Towers Limited,Telecom,Nifty Next 50,26.15,17.8,https://nsearchives.nseindia.com/corporate/xbrl/SHP_196065_1356584_21012025110006_WEB.xml,2026-05-22T16:52:57+00:00
2024Q4,31-DEC-2024,INFY,Infosys Limited,IT,Nifty 50,33.3,38.37,https://nsearchives.nseindia.com/corporate/xbrl/SHP_195760_1353991_20012025091350_WEB.xml,2026-05-22T17:00:10+00:00
2024Q4,31-DEC-2024,IOB,Indian Overseas Bank,Banking,Midcap,0.02,1.3,https://nsearchives.nseindia.com/corporate/xbrl/SHP_193864_1337799_06012025125401_WEB.xml,2026-06-04T17:25:24+00:00
2024Q4,31-DEC-2024,IOC,Indian Oil Corporation Limited,Oil & Gas,Nifty Next 50,7.43,10.2,https://nsearchives.nseindia.com/corporate/xbrl/SHP_194675_1345609_15012025114715_WEB.xml,2026-05-22T16:53:05+00:00
2024Q4,31-DEC-2024,IPCALAB,IPCA Laboratories Limited,Pharma,Midcap,11.07,35.68,https://nsearchives.nseindia.com/corporate/xbrl/SHP_194160_1340985_09012025052924_WEB.xml,2026-06-04T17:25:29+00:00
2024Q4,31-DEC-2024,IRCTC,Indian Railway Catering And Tourism Corporation Limited,Consumer Services,Nifty Next 50,7.45,13.72,https://nsearchives.nseindia.com/corporate/xbrl/SHP_194275_1341944_10012025035746_WEB.xml,2026-05-22T16:53:13+00:00
2024Q4,31-DEC-2024,IRFC,Indian Railway Finance Corporation Limited,Financial Services,Nifty Next 50,1.01,1.24,https://nsearchives.nseindia.com/corporate/xbrl/SHP_195038_1348756_17012025010131_WEB.xml,2026-05-22T16:53:21+00:00
2024Q4,31-DEC-2024,ITC,ITC Limited,FMCG,Nifty 50,40.17,44.92,https://nsearchives.nseindia.com/corporate/xbrl/SHP_194830_1347069_16012025012158_WEB.xml,2026-05-22T17:00:18+00:00
2024Q4,31-DEC-2024,JINDALSTEL,Jindal Steel & Power Limited,Metals,Nifty Next 50,10.99,17.26,https://nsearchives.nseindia.com/corporate/xbrl/SHP_195446_1351891_20012025125111_WEB.xml,2026-05-22T16:53:29+00:00
2024Q4,31-DEC-2024,JIOFIN,Jio Financial Services Limited,Financial Services,Nifty Next 50,15.61,12.56,https://nsearchives.nseindia.com/corporate/xbrl/SHP_194625_1345177_14012025052511_WEB.xml,2026-05-22T16:53:37+00:00
2024Q4,31-DEC-2024,JSL,Jindal Stainless Limited,Metals,Midcap,22.16,6.27,https://nsearchives.nseindia.com/corporate/xbrl/SHP_194693_1345789_15012025012021_WEB.xml,2026-06-04T17:25:35+00:00
2024Q4,31-DEC-2024,JSWSTEEL,JSW Steel Limited,Metals,Nifty 50,25.59,10.59,https://nsearchives.nseindia.com/corporate/xbrl/SHP_195674_1353426_20012025061445_WEB.xml,2026-05-22T17:00:26+00:00
2024Q4,31-DEC-2024,JUBLFOOD,Jubilant Foodworks Limited,Consumer Services,Midcap,21.26,30.38,https://nsearchives.nseindia.com/corporate/xbrl/SHP_195206_1350128_17012025065739_WEB.xml,2026-06-04T17:25:40+00:00
2024Q4,31-DEC-2024,KOTAKBANK,Kotak Mahindra Bank Limited,Banking,Nifty 50,32.48,28.79,https://nsearchives.nseindia.com/corporate/xbrl/SHP_194191_1341230_09012025071541_WEB.xml,2026-05-22T17:00:34+00:00
2024Q4,31-DEC-2024,KPITTECH,KPIT Technologies Limited,IT,Midcap,17.36,20.41,https://nsearchives.nseindia.com/corporate/xbrl/SHP_194614_1345063_14012025043532_WEB.xml,2026-06-04T17:25:45+00:00
2024Q4,31-DEC-2024,LICHSGFIN,LIC Housing Finance Limited,Financial Services,Midcap,21.23,21.45,https://nsearchives.nseindia.com/corporate/xbrl/SHP_194616_1345074_14012025044118_WEB.xml,2026-06-04T17:25:50+00:00
2024Q4,31-DEC-2024,LICI,Life Insurance Corporation Of India,Insurance,Nifty Next 50,0.07,1.27,https://nsearchives.nseindia.com/corporate/xbrl/SHP_194977_1348382_17012025103536_WEB.xml,2026-05-22T16:53:45+00:00
2024Q4,31-DEC-2024,LODHA,Macrotech Developers Limited,Realty,Nifty Next 50,24.45,2.64,https://nsearchives.nseindia.com/corporate/xbrl/SHP_194773_1346510_15012025061942_WEB.xml,2026-05-22T16:53:53+00:00
2024Q4,31-DEC-2024,LT,Larsen & Toubro Limited,Infrastructure,Nifty 50,20.83,41.71,https://nsearchives.nseindia.com/corporate/xbrl/SHP_194590_1344852_14012025025057_WEB.xml,2026-05-22T17:00:42+00:00
2024Q4,31-DEC-2024,LTF,L&T Finance Limited,Financial Services,Midcap,5.3,12.17,https://nsearchives.nseindia.com/corporate/xbrl/SHP_194166_1341048_09012025055215_WEB.xml,2026-06-04T17:26:00+00:00
2024Q4,31-DEC-2024,LTTS,L&T Technology Services Limited,IT,Midcap,4.19,14.3,https://nsearchives.nseindia.com/corporate/xbrl/SHP_195478_1352098_20012025022101_WEB.xml,2026-06-04T17:26:06+00:00
2024Q4,31-DEC-2024,LUPIN,Lupin Limited,Pharma,Midcap,22.04,24.74,https://nsearchives.nseindia.com/corporate/xbrl/SHP_194759_1346349_15012025052339_WEB.xml,2026-06-04T17:25:55+00:00
2024Q4,31-DEC-2024,M&M,Mahindra & Mahindra Limited,Auto,Nifty 50,38.91,29.22,https://nsearchives.nseindia.com/corporate/xbrl/SHP_195980_1355670_21012025054606_WEB.xml,2026-05-22T17:00:51+00:00
2024Q4,31-DEC-2024,M&MFIN,Mahindra & Mahindra Financial Services Limited,Financial Services,Midcap,10.48,31.16,https://nsearchives.nseindia.com/corporate/xbrl/SHP_195645_1353252_20012025055042_WEB.xml,2026-06-04T17:26:11+00:00
2024Q4,31-DEC-2024,MARICO,Marico Limited,FMCG,Nifty Next 50,23.36,12.86,https://nsearchives.nseindia.com/corporate/xbrl/SHP_195213_1350156_17012025070201_WEB.xml,2026-05-22T16:54:01+00:00
2024Q4,31-DEC-2024,MARUTI,Maruti Suzuki India Limited,Auto,Nifty 50,15.47,22.96,https://nsearchives.nseindia.com/corporate/xbrl/SHP_195637_1368731_03022025114617_WEB.xml,2026-05-22T17:00:59+00:00
2024Q4,31-DEC-2024,MFSL,Max Financial Services Limited,Insurance,Midcap,47.5,42.69,https://nsearchives.nseindia.com/corporate/xbrl/SHP_193956_1339052_08012025102829_WEB.xml,2026-06-04T17:26:17+00:00
2024Q4,31-DEC-2024,MGL,Mahanagar Gas Limited,Oil & Gas,Midcap,25.75,21.1,https://nsearchives.nseindia.com/corporate/xbrl/SHP_195897_1354914_21012025030303_WEB.xml,2026-06-04T17:26:22+00:00
2024Q4,31-DEC-2024,MOTHERSON,Samvardhana Motherson International Limited,Auto,Nifty Next 50,14.32,19.25,https://nsearchives.nseindia.com/corporate/xbrl/SHP_194846_1347134_16012025022047_WEB.xml,2026-05-22T16:54:09+00:00
2024Q4,31-DEC-2024,MOTILALOFS,Motilal Oswal Financial Services Limited,Financial Services,Midcap,5.89,6.39,https://nsearchives.nseindia.com/corporate/xbrl/SHP_194920_1347746_16012025052506_WEB.xml,2026-06-04T17:26:28+00:00
2024Q4,31-DEC-2024,MPHASIS,MphasiS Limited,IT,Midcap,20.78,34.62,https://nsearchives.nseindia.com/corporate/xbrl/SHP_194960_1348054_16012025065609_WEB.xml,2026-06-04T17:26:33+00:00
2024Q4,31-DEC-2024,MRF,MRF Limited,Auto,Midcap,18.19,12.0,https://nsearchives.nseindia.com/corporate/xbrl/SHP_195485_1352151_20012025024323_WEB.xml,2026-06-04T17:26:39+00:00
2024Q4,31-DEC-2024,MUTHOOTFIN,Muthoot Finance Limited,Financial Services,Midcap,10.26,12.99,https://nsearchives.nseindia.com/corporate/xbrl/SHP_194403_1343247_13012025115807_WEB.xml,2026-06-04T17:26:45+00:00
2024Q4,31-DEC-2024,NAM-INDIA,Nippon Life India Asset Management Limited,Financial Services,Midcap,8.29,13.02,https://nsearchives.nseindia.com/corporate/xbrl/SHP_195735_1353866_20012025074505_WEB.xml,2026-06-04T17:26:51+00:00
2024Q4,31-DEC-2024,NAUKRI,Info Edge (India) Limited,Consumer Services,Nifty Next 50,32.63,19.24,https://nsearchives.nseindia.com/corporate/xbrl/SHP_194938_1347912_16012025060427_WEB.xml,2026-05-22T16:54:17+00:00
2024Q4,31-DEC-2024,NESTLEIND,Nestle India Limited,FMCG,Nifty 50,10.26,10.8,https://nsearchives.nseindia.com/corporate/xbrl/SHP_195162_1349719_17012025053614_WEB.xml,2026-05-22T17:01:07+00:00
2024Q4,31-DEC-2024,NHPC,NHPC Limited,Power,Nifty Next 50,8.78,10.04,https://nsearchives.nseindia.com/corporate/xbrl/SHP_195119_1349419_17012025043844_WEB.xml,2026-05-22T16:54:25+00:00
2024Q4,31-DEC-2024,NMDC,NMDC Limited,Mining,Nifty Next 50,12.12,14.47,https://nsearchives.nseindia.com/corporate/xbrl/SHP_195400_1351585_20012025112111_WEB.xml,2026-05-22T16:54:33+00:00
2024Q4,31-DEC-2024,NTPC,NTPC Limited,Power,Nifty 50,18.2,26.76,https://nsearchives.nseindia.com/corporate/xbrl/SHP_194942_1347932_16012025060943_WEB.xml,2026-05-22T17:01:15+00:00
2024Q4,31-DEC-2024,NYKAA,FSN E-Commerce Ventures Limited,Consumer Services,Midcap,9.04,23.56,https://nsearchives.nseindia.com/corporate/xbrl/SHP_195823_1354437_21012025121621_WEB.xml,2026-06-04T17:26:56+00:00
2024Q4,31-DEC-2024,OBEROIRLTY,Oberoi Realty Limited,Realty,Midcap,20.24,10.05,https://nsearchives.nseindia.com/corporate/xbrl/SHP_194793_1346806_16012025104552_WEB.xml,2026-06-04T17:27:01+00:00
2024Q4,31-DEC-2024,OFSS,Oracle Financial Services Software Limited,IT,Midcap,8.49,9.37,https://nsearchives.nseindia.com/corporate/xbrl/SHP_194077_1340196_09012025113535_WEB.xml,2026-06-04T17:27:07+00:00
2024Q4,31-DEC-2024,ONGC,Oil & Natural Gas Corporation Limited,Oil & Gas,Nifty 50,7.53,19.41,https://nsearchives.nseindia.com/corporate/xbrl/SHP_195185_1349949_17012025062351_WEB.xml,2026-05-22T17:01:23+00:00
2024Q4,31-DEC-2024,PAGEIND,Page Industries Limited,Textiles,Midcap,22.66,29.43,https://nsearchives.nseindia.com/corporate/xbrl/SHP_194527_1344263_13012025065505_WEB.xml,2026-06-04T17:27:12+00:00
2024Q4,31-DEC-2024,PATANJALI,Patanjali Foods Limited,FMCG,Midcap,13.32,6.27,https://nsearchives.nseindia.com/corporate/xbrl/SHP_194300_1342223_10012025052324_WEB.xml,2026-06-04T17:27:18+00:00
2024Q4,31-DEC-2024,PAYTM,One 97 Communications Limited,Financial Services,Midcap,56.2,11.88,https://nsearchives.nseindia.com/corporate/xbrl/SHP_194155_1340917_09012025050126_WEB.xml,2026-06-04T17:27:23+00:00
2024Q4,31-DEC-2024,PEL,Piramal Enterprises Limited,Financial Services,Midcap,16.43,13.82,https://nsearchives.nseindia.com/corporate/xbrl/SHP_195233_1444645_20052025063937_WEB.xml,2026-06-04T17:27:26+00:00
2024Q4,31-DEC-2024,PERSISTENT,Persistent Systems Limited,IT,Midcap,24.75,26.26,https://nsearchives.nseindia.com/corporate/xbrl/SHP_194832_1347076_16012025013204_WEB.xml,2026-06-04T17:27:35+00:00
2024Q4,31-DEC-2024,PETRONET,Petronet LNG Limited,Oil & Gas,Midcap,28.61,11.1,https://nsearchives.nseindia.com/corporate/xbrl/SHP_194501_1343945_13012025052807_WEB.xml,2026-06-04T17:27:40+00:00
2024Q4,31-DEC-2024,PFC,Power Finance Corporation Limited,Financial Services,Nifty Next 50,18.04,17.16,https://nsearchives.nseindia.com/corporate/xbrl/SHP_195614_1353034_20012025052145_WEB.xml,2026-05-22T16:54:41+00:00
2024Q4,31-DEC-2024,PHOENIXLTD,The Phoenix Mills Limited,Realty,Midcap,35.66,13.02,https://nsearchives.nseindia.com/corporate/xbrl/SHP_195687_1353585_20012025063702_WEB.xml,2026-06-04T17:27:45+00:00
2024Q4,31-DEC-2024,PIDILITIND,Pidilite Industries Limited,Chemicals,Nifty Next 50,11.79,9.16,https://nsearchives.nseindia.com/corporate/xbrl/SHP_195128_1369904_04022025125044_WEB.xml,2026-05-22T16:54:49+00:00
2024Q4,31-DEC-2024,PIIND,PI Industries Limited,Chemicals,Midcap,18.46,27.21,https://nsearchives.nseindia.com/corporate/xbrl/SHP_194305_1342302_10012025055223_WEB.xml,2026-06-04T17:27:51+00:00
2024Q4,31-DEC-2024,PNB,Punjab National Bank,Banking,Midcap,5.7,14.31,https://nsearchives.nseindia.com/corporate/xbrl/SHP_194058_1339937_08012025064458_WEB.xml,2026-06-04T17:27:56+00:00
2024Q4,31-DEC-2024,POLICYBZR,PB Fintech Limited,Financial Services,Midcap,47.79,20.57,https://nsearchives.nseindia.com/corporate/xbrl/SHP_195224_1357252_22012025060340_WEB.xml,2026-06-04T17:28:01+00:00
2024Q4,31-DEC-2024,POLYCAB,Polycab India Limited,Consumer Durables,Midcap,12.76,10.67,https://nsearchives.nseindia.com/corporate/xbrl/SHP_195683_1438344_14052025024914_WEB.xml,2026-06-04T17:28:07+00:00
2024Q4,31-DEC-2024,POWERGRID,Power Grid Corporation of India Limited,Power,Nifty 50,28.12,17.04,https://nsearchives.nseindia.com/corporate/xbrl/SHP_195697_1353648_20012025064713_WEB.xml,2026-05-22T17:01:32+00:00
2024Q4,31-DEC-2024,PRESTIGE,Prestige Estates Projects Limited,Realty,Midcap,19.3,16.73,https://nsearchives.nseindia.com/corporate/xbrl/SHP_196009_1356148_21012025064602_WEB.xml,2026-06-04T17:28:12+00:00
2024Q4,31-DEC-2024,RECLTD,REC Limited,Financial Services,Nifty Next 50,21.73,13.9,https://nsearchives.nseindia.com/corporate/xbrl/SHP_195014_1348600_17012025120400_WEB.xml,2026-05-22T16:54:57+00:00
2024Q4,31-DEC-2024,RELIANCE,Reliance Industries Limited,Conglomerate,Nifty 50,19.15,19.1,https://nsearchives.nseindia.com/corporate/xbrl/SHP_195954_1355437_21012025045527_WEB.xml,2026-05-22T17:01:40+00:00
2024Q4,31-DEC-2024,RVNL,Rail Vikas Nigam Limited,Infrastructure,Midcap,5.1,6.16,https://nsearchives.nseindia.com/corporate/xbrl/SHP_195169_1349772_17012025054942_WEB.xml,2026-06-04T17:28:18+00:00
2024Q4,31-DEC-2024,SAIL,Steel Authority of India Limited,Metals,Midcap,2.59,15.87,https://nsearchives.nseindia.com/corporate/xbrl/SHP_196114_1365863_30012025040318_WEB.xml,2026-06-04T17:28:24+00:00
2024Q4,31-DEC-2024,SBICARD,SBI Cards and Payment Services Limited,Financial Services,Nifty Next 50,9.51,16.48,https://nsearchives.nseindia.com/corporate/xbrl/SHP_194939_1347914_16012025060428_WEB.xml,2026-05-22T16:55:05+00:00
2024Q4,31-DEC-2024,SBILIFE,SBI Life Insurance Company Limited,Insurance,Nifty 50,22.48,17.92,https://nsearchives.nseindia.com/corporate/xbrl/SHP_194472_1343754_13012025042455_WEB.xml,2026-05-22T17:01:48+00:00
2024Q4,31-DEC-2024,SBIN,State Bank of India,Banking,Nifty 50,10.28,24.92,https://nsearchives.nseindia.com/corporate/xbrl/SHP_195678_1353485_20012025062232_WEB.xml,2026-05-22T17:01:57+00:00
2024Q4,31-DEC-2024,SHREECEM,SHREE CEMENT LIMITED,Cement,Nifty Next 50,9.88,15.02,https://nsearchives.nseindia.com/corporate/xbrl/SHP_194215_1341520_10012025121806_WEB.xml,2026-05-22T16:55:14+00:00
2024Q4,31-DEC-2024,SHRIRAMFIN,Shriram Finance Limited,Financial Services,Nifty Next 50,53.08,15.94,https://nsearchives.nseindia.com/corporate/xbrl/SHP_195940_1355297_21012025042711_WEB.xml,2026-05-22T16:55:22+00:00
2024Q4,31-DEC-2024,SIEMENS,Siemens Limited,Capital Goods,Nifty Next 50,8.77,6.78,https://nsearchives.nseindia.com/corporate/xbrl/SHP_195511_1352313_20012025032436_WEB.xml,2026-05-22T16:55:30+00:00
2024Q4,31-DEC-2024,SOLARINDS,Solar Industries India Limited,Chemicals,Midcap,7.23,12.79,https://nsearchives.nseindia.com/corporate/xbrl/SHP_194054_1339872_08012025061519_WEB.xml,2026-06-04T17:28:30+00:00
2024Q4,31-DEC-2024,SONACOMS,Sona BLW Precision Forgings Limited,Auto,Midcap,33.25,31.15,https://nsearchives.nseindia.com/corporate/xbrl/SHP_194551_1344557_14012025112611_WEB.xml,2026-06-04T17:28:36+00:00
2024Q4,31-DEC-2024,SRF,SRF Limited,Chemicals,Midcap,18.36,17.77,https://nsearchives.nseindia.com/corporate/xbrl/SHP_195827_1354453_21012025122248_WEB.xml,2026-06-04T17:28:41+00:00
2024Q4,31-DEC-2024,SUNDARMFIN,Sundaram Finance Limited,Financial Services,Midcap,18.61,7.86,https://nsearchives.nseindia.com/corporate/xbrl/SHP_194534_1344342_13012025074109_WEB.xml,2026-06-04T17:28:47+00:00
2024Q4,31-DEC-2024,SUNPHARMA,Sun Pharmaceutical Industries Limited,Pharma,Nifty 50,18.05,18.55,https://nsearchives.nseindia.com/corporate/xbrl/SHP_195742_1353889_20012025075522_WEB.xml,2026-05-22T17:02:05+00:00
2024Q4,31-DEC-2024,SUPREMEIND,Supreme Industries Limited,Consumer Durables,Midcap,24.7,11.95,https://nsearchives.nseindia.com/corporate/xbrl/SHP_194436_1343496_13012025025818_WEB.xml,2026-06-04T17:28:53+00:00
2024Q4,31-DEC-2024,SUZLON,Suzlon Energy Limited,Power,Midcap,22.88,9.31,https://nsearchives.nseindia.com/corporate/xbrl/SHP_194861_1347235_16012025025856_WEB.xml,2026-06-04T17:28:58+00:00
2024Q4,31-DEC-2024,SWIGGY,Swiggy Limited,Consumer Services,Nifty Next 50,6.18,7.75,https://nsearchives.nseindia.com/corporate/xbrl/SHP_195733_1353861_20012025074334_WEB.xml,2026-05-22T16:55:38+00:00
2024Q4,31-DEC-2024,SYNGENE,Syngene International Limited,Pharma,Midcap,20.64,19.53,https://nsearchives.nseindia.com/corporate/xbrl/SHP_195264_1350711_18012025040450_WEB.xml,2026-06-04T17:29:04+00:00
2024Q4,31-DEC-2024,TATACHEM,Tata Chemicals Limited,Chemicals,Midcap,13.61,21.68,https://nsearchives.nseindia.com/corporate/xbrl/SHP_195916_1355086_21012025034005_WEB.xml,2026-06-04T17:29:09+00:00
2024Q4,31-DEC-2024,TATACOMM,Tata Communications Limited,Telecom,Midcap,17.8,13.66,https://nsearchives.nseindia.com/corporate/xbrl/SHP_194190_1341217_09012025071033_WEB.xml,2026-06-04T17:29:15+00:00
2024Q4,31-DEC-2024,TATACONSUM,TATA CONSUMER PRODUCTS LIMITED,FMCG,Nifty 50,23.23,19.48,https://nsearchives.nseindia.com/corporate/xbrl/SHP_195764_1354026_20012025095412_WEB.xml,2026-05-22T17:02:14+00:00
2024Q4,31-DEC-2024,TATAELXSI,Tata Elxsi Limited,IT,Midcap,13.27,7.51,https://nsearchives.nseindia.com/corporate/xbrl/SHP_194085_1340327_09012025122241_WEB.xml,2026-06-04T17:29:21+00:00
2024Q4,31-DEC-2024,TATAPOWER,Tata Power Company Limited,Power,Nifty Next 50,9.46,16.03,https://nsearchives.nseindia.com/corporate/xbrl/SHP_195430_1351769_20012025121540_WEB.xml,2026-05-22T16:55:46+00:00
2024Q4,31-DEC-2024,TATASTEEL,Tata Steel Limited,Metals,Nifty 50,19.04,23.7,https://nsearchives.nseindia.com/corporate/xbrl/SHP_195719_1353778_20012025071341_WEB.xml,2026-05-22T17:02:23+00:00
2024Q4,31-DEC-2024,TCS,Tata Consultancy Services Limited,IT,Nifty 50,12.68,10.91,https://nsearchives.nseindia.com/corporate/xbrl/SHP_195204_1350102_17012025065221_WEB.xml,2026-05-22T17:02:31+00:00
2024Q4,31-DEC-2024,TECHM,Tech Mahindra Limited,IT,Nifty 50,24.2,30.74,https://nsearchives.nseindia.com/corporate/xbrl/SHP_195761_1353995_20012025092145_WEB.xml,2026-05-22T17:02:39+00:00
2024Q4,31-DEC-2024,TIINDIA,Tube Investments of India Limited,Auto,Midcap,28.24,15.04,https://nsearchives.nseindia.com/corporate/xbrl/SHP_195633_1374259_07022025025538_WEB.xml,2026-06-04T17:29:26+00:00
2024Q4,31-DEC-2024,TITAN,Titan Company Limited,Consumer Goods,Nifty 50,18.11,11.55,https://nsearchives.nseindia.com/corporate/xbrl/SHP_194746_1359896_24012025105246_WEB.xml,2026-05-22T17:02:48+00:00
2024Q4,31-DEC-2024,TORNTPHARM,Torrent Pharmaceuticals Limited,Pharma,Midcap,16.17,8.35,https://nsearchives.nseindia.com/corporate/xbrl/SHP_194895_1347516_16012025042708_WEB.xml,2026-06-04T17:29:31+00:00
2024Q4,31-DEC-2024,TORNTPOWER,Torrent Power Limited,Power,Midcap,9.94,21.21,https://nsearchives.nseindia.com/corporate/xbrl/SHP_194523_1344236_13012025063726_WEB.xml,2026-06-04T17:29:37+00:00
2024Q4,31-DEC-2024,TRENT,Trent Limited,Retail,Nifty Next 50,21.68,15.29,https://nsearchives.nseindia.com/corporate/xbrl/SHP_194480_1343816_13012025044240_WEB.xml,2026-05-22T16:55:55+00:00
2024Q4,31-DEC-2024,TVSMOTOR,TVS Motor Company Limited,Auto,Nifty Next 50,21.21,20.0,https://nsearchives.nseindia.com/corporate/xbrl/SHP_1550635_16102025055548_WEB.xml,2026-06-04T18:22:18+00:00
2024Q4,31-DEC-2024,ULTRACEMCO,UltraTech Cement Limited,Cement,Nifty 50,17.48,15.16,https://nsearchives.nseindia.com/corporate/xbrl/SHP_195561_1352642_20012025041851_WEB.xml,2026-05-22T17:02:56+00:00
2024Q4,31-DEC-2024,UNIONBANK,Union Bank of India,Banking,Midcap,6.46,11.94,https://nsearchives.nseindia.com/corporate/xbrl/SHP_194891_1347479_16012025041343_WEB.xml,2026-06-04T17:29:42+00:00
2024Q4,31-DEC-2024,UNITDSPR,United Spirits Limited,FMCG,Nifty Next 50,15.93,13.55,https://nsearchives.nseindia.com/corporate/xbrl/SHP_195885_1354843_21012025024730_WEB.xml,2026-06-04T18:22:23+00:00
2024Q4,31-DEC-2024,UPL,UPL Limited,Chemicals,Nifty 50,35.46,18.89,https://nsearchives.nseindia.com/corporate/xbrl/SHP_194667_1345553_15012025110958_WEB.xml,2026-05-22T17:03:04+00:00
2024Q4,31-DEC-2024,VBL,Varun Beverages Limited,FMCG,Nifty Next 50,25.26,7.02,https://nsearchives.nseindia.com/corporate/xbrl/SHP_194126_1340629_09012025031653_WEB.xml,2026-06-04T18:22:28+00:00
2024Q4,31-DEC-2024,VEDL,Vedanta Limited,Metals,Nifty Next 50,12.02,15.49,https://nsearchives.nseindia.com/corporate/xbrl/SHP_194763_1346406_15012025053958_WEB.xml,2026-06-04T18:22:33+00:00
2024Q4,31-DEC-2024,VOLTAS,Voltas Limited,Consumer Durables,Midcap,21.31,34.61,https://nsearchives.nseindia.com/corporate/xbrl/SHP_195001_1348546_17012025114514_WEB.xml,2026-06-04T17:29:48+00:00
2024Q4,31-DEC-2024,WIPRO,Wipro Limited,IT,Nifty 50,10.3,8.21,https://nsearchives.nseindia.com/corporate/xbrl/SHP_194633_1345269_14012025060009_WEB.xml,2026-05-22T17:03:12+00:00
2024Q4,31-DEC-2024,YESBANK,Yes Bank Limited,Banking,Midcap,26.74,38.84,https://nsearchives.nseindia.com/corporate/xbrl/SHP_194677_1345619_15012025115058_WEB.xml,2026-05-22T16:49:23+00:00
2024Q4,31-DEC-2024,ZEEL,Zee Entertainment Enterprises Limited,Media,Midcap,20.05,17.99,https://nsearchives.nseindia.com/corporate/xbrl/SHP_195702_1353672_20012025065240_WEB.xml,2026-05-22T16:49:31+00:00
2024Q4,31-DEC-2024,ZYDUSLIFE,Zydus Lifesciences Limited,Pharma,Nifty Next 50,7.53,10.65,https://nsearchives.nseindia.com/corporate/xbrl/SHP_195395_1351557_20012025110929_WEB.xml,2026-06-04T18:22:40+00:00
2025Q1,31-MAR-2025,ABB,ABB India Limited,Capital Goods,Nifty Next 50,10.28,7.02,https://nsearchives.nseindia.com/corporate/xbrl/SHP_196748_1411708_10042025041259_WEB.xml,2026-05-22T16:49:38+00:00
2025Q1,31-MAR-2025,ABCAPITAL,Aditya Birla Capital Limited,Financial Services,Midcap,8.8,9.78,https://nsearchives.nseindia.com/corporate/xbrl/SHP_198781_1421386_21042025045722_WEB.xml,2026-06-04T17:22:08+00:00
2025Q1,31-MAR-2025,ABFRL,Aditya Birla Fashion and Retail Limited,Retail,Midcap,22.19,14.64,https://nsearchives.nseindia.com/corporate/xbrl/SHP_198043_1427521_29042025030154_WEB.xml,2026-06-04T17:22:13+00:00
2025Q1,31-MAR-2025,ACC,ACC Limited,Cement,Midcap,4.83,24.92,https://nsearchives.nseindia.com/corporate/xbrl/SHP_197009_1413422_12042025070132_WEB.xml,2026-06-04T17:22:18+00:00
2025Q1,31-MAR-2025,ADANIENT,Adani Enterprises Limited,Conglomerate,Nifty 50,11.71,6.86,https://nsearchives.nseindia.com/corporate/xbrl/SHP_196798_1412032_10042025072608_WEB.xml,2026-06-04T18:22:44+00:00
2025Q1,31-MAR-2025,ADANIGREEN,Adani Green Energy Limited,Power,Nifty Next 50,12.45,2.4,https://nsearchives.nseindia.com/corporate/xbrl/SHP_196631_1410926_09042025041139_WEB.xml,2026-05-22T16:49:46+00:00
2025Q1,31-MAR-2025,ADANIPORTS,Adani Ports and Special Economic Zone Limited,Infrastructure,Nifty 50,13.43,14.73,https://nsearchives.nseindia.com/corporate/xbrl/SHP_196800_1412088_10042025091441_WEB.xml,2026-06-04T18:22:49+00:00
2025Q1,31-MAR-2025,ADANIPOWER,Adani Power Limited,Power,Nifty Next 50,12.37,1.65,https://nsearchives.nseindia.com/corporate/xbrl/SHP_196796_1411985_10042025062808_WEB.xml,2026-05-22T16:49:55+00:00
2025Q1,31-MAR-2025,ALKEM,Alkem Laboratories Limited,Pharma,Midcap,9.41,19.42,https://nsearchives.nseindia.com/corporate/xbrl/SHP_197732_1417319_17042025043925_WEB.xml,2026-06-04T17:22:24+00:00
2025Q1,31-MAR-2025,AMBUJACEM,Ambuja Cements Limited,Cement,Nifty Next 50,8.6,17.3,https://nsearchives.nseindia.com/corporate/xbrl/SHP_197169_1414395_15042025121737_WEB.xml,2026-05-22T16:50:03+00:00
2025Q1,31-MAR-2025,APLAPOLLO,APL Apollo Tubes Limited,Metals,Midcap,31.78,16.74,https://nsearchives.nseindia.com/corporate/xbrl/SHP_1486921_18072025055410_WEB.xml,2026-06-04T17:22:29+00:00
2025Q1,31-MAR-2025,APOLLOHOSP,Apollo Hospitals Enterprise Limited,Healthcare,Nifty 50,42.74,22.29,https://nsearchives.nseindia.com/corporate/xbrl/SHP_196718_1411557_10042025022517_WEB.xml,2026-06-04T18:22:54+00:00
2025Q1,31-MAR-2025,ASHOKLEY,Ashok Leyland Limited,Auto,Midcap,23.5,14.06,https://nsearchives.nseindia.com/corporate/xbrl/SHP_197323_1415316_16042025100103_WEB.xml,2026-06-04T17:22:34+00:00
2025Q1,31-MAR-2025,ASIANPAINT,Asian Paints Limited,Consumer Goods,Nifty 50,12.22,15.58,https://nsearchives.nseindia.com/corporate/xbrl/SHP_198200_1419133_18042025062637_WEB.xml,2026-06-04T18:22:59+00:00
2025Q1,31-MAR-2025,ASTRAL,Astral Limited,Consumer Durables,Midcap,20.17,14.76,https://nsearchives.nseindia.com/corporate/xbrl/SHP_198038_1418571_18042025033131_WEB.xml,2026-06-04T17:22:39+00:00
2025Q1,31-MAR-2025,ATGL,Adani Total Gas Limited,Oil & Gas,Nifty Next 50,13.22,6.23,https://nsearchives.nseindia.com/corporate/xbrl/SHP_196799_1412057_10042025080514_WEB.xml,2026-05-22T16:50:11+00:00
2025Q1,31-MAR-2025,AUBANK,AU Small Finance Bank Limited,Banking,Midcap,35.58,27.17,https://nsearchives.nseindia.com/corporate/xbrl/SHP_198244_1419298_18042025080152_WEB.xml,2026-06-04T17:22:45+00:00
2025Q1,31-MAR-2025,AUROPHARMA,Aurobindo Pharma Limited,Pharma,Midcap,15.33,26.23,https://nsearchives.nseindia.com/corporate/xbrl/SHP_197288_1415039_15042025054751_WEB.xml,2026-06-04T17:22:51+00:00
2025Q1,31-MAR-2025,AXISBANK,Axis Bank Limited,Banking,Nifty 50,43.94,40.88,https://nsearchives.nseindia.com/corporate/xbrl/SHP_196664_1417284_17042025043030_WEB.xml,2026-06-04T18:23:04+00:00
2025Q1,31-MAR-2025,BAJAJ-AUTO,Bajaj Auto Limited,Auto,Nifty 50,11.61,10.99,https://nsearchives.nseindia.com/corporate/xbrl/SHP_198621_1448905_23052025054327_WEB.xml,2026-06-04T18:23:09+00:00
2025Q1,31-MAR-2025,BAJAJFINSV,Bajaj Finserv Limited,Financial Services,Nifty 50,7.52,9.01,https://nsearchives.nseindia.com/corporate/xbrl/SHP_198497_1420256_19042025073856_WEB.xml,2026-06-04T18:23:19+00:00
2025Q1,31-MAR-2025,BAJAJHLDNG,Bajaj Holdings & Investment Limited,Financial Services,Nifty Next 50,10.56,7.29,https://nsearchives.nseindia.com/corporate/xbrl/SHP_198291_1419492_19042025113955_WEB.xml,2026-05-22T16:50:19+00:00
2025Q1,31-MAR-2025,BAJFINANCE,Bajaj Finance Limited,Financial Services,Nifty 50,21.46,14.87,https://nsearchives.nseindia.com/corporate/xbrl/SHP_197534_1416325_16042025065739_WEB.xml,2026-06-04T18:23:14+00:00
2025Q1,31-MAR-2025,BALKRISIND,Balkrishna Industries Limited,Auto,Midcap,11.46,23.78,https://nsearchives.nseindia.com/corporate/xbrl/SHP_198313_1419582_19042025121547_WEB.xml,2026-06-04T17:22:56+00:00
2025Q1,31-MAR-2025,BANKBARODA,Bank of Baroda,Banking,Nifty Next 50,8.98,18.23,https://nsearchives.nseindia.com/corporate/xbrl/SHP_196602_1410794_09042025024441_WEB.xml,2026-05-22T16:50:28+00:00
2025Q1,31-MAR-2025,BEL,Bharat Electronics Limited,Defence,Nifty Next 50,17.56,20.88,https://nsearchives.nseindia.com/corporate/xbrl/SHP_196770_1411814_10042025050311_WEB.xml,2026-05-22T16:50:36+00:00
2025Q1,31-MAR-2025,BERGEPAINT,Berger Paints (I) Limited,Consumer Goods,Midcap,5.75,10.11,https://nsearchives.nseindia.com/corporate/xbrl/SHP_197376_1438056_13052025115803_WEB.xml,2026-06-04T17:23:01+00:00
2025Q1,31-MAR-2025,BHARATFORG,Bharat Forge Limited,Auto,Midcap,16.07,30.35,https://nsearchives.nseindia.com/corporate/xbrl/SHP_198602_1420638_21042025115132_WEB.xml,2026-06-04T17:23:06+00:00
2025Q1,31-MAR-2025,BHARTIARTL,Bharti Airtel Limited,Telecom,Nifty 50,25.42,19.35,https://nsearchives.nseindia.com/corporate/xbrl/SHP_198344_1419722_19042025011121_WEB.xml,2026-06-04T18:23:29+00:00
2025Q1,31-MAR-2025,BHEL,Bharat Heavy Electricals Limited,Capital Goods,Midcap,7.19,16.35,https://nsearchives.nseindia.com/corporate/xbrl/SHP_196327_1408503_04042025043733_WEB.xml,2026-06-04T17:23:12+00:00
2025Q1,31-MAR-2025,BIOCON,Biocon Limited,Pharma,Midcap,5.66,15.72,https://nsearchives.nseindia.com/corporate/xbrl/SHP_197204_1414607_15042025030542_WEB.xml,2026-06-04T17:23:17+00:00
2025Q1,31-MAR-2025,BOSCHLTD,Bosch Limited,Auto,Nifty Next 50,6.1,16.01,https://nsearchives.nseindia.com/corporate/xbrl/SHP_197644_1416926_17042025021347_WEB.xml,2026-05-22T16:50:44+00:00
2025Q1,31-MAR-2025,BPCL,Bharat Petroleum Corporation Limited,Oil & Gas,Nifty 50,14.58,22.24,https://nsearchives.nseindia.com/corporate/xbrl/SHP_197427_1415763_16042025033233_WEB.xml,2026-06-04T18:23:24+00:00
2025Q1,31-MAR-2025,BRITANNIA,Britannia Industries Limited,FMCG,Nifty 50,15.72,18.26,https://nsearchives.nseindia.com/corporate/xbrl/SHP_198587_1420585_21042025112115_WEB.xml,2026-06-04T18:23:35+00:00
2025Q1,31-MAR-2025,BSE,BSE Limited,Financial Services,Midcap,16.78,12.33,https://nsearchives.nseindia.com/corporate/xbrl/-,2026-06-04T17:23:22+00:00
2025Q1,31-MAR-2025,CAMS,Computer Age Management Services Limited,Financial Services,Midcap,55.0,16.71,https://nsearchives.nseindia.com/corporate/xbrl/SHP_196710_1411513_10042025010611_WEB.xml,2026-06-04T17:23:28+00:00
2025Q1,31-MAR-2025,CANBK,Canara Bank,Banking,Midcap,10.55,11.85,https://nsearchives.nseindia.com/corporate/xbrl/SHP_196330_1408582_04042025055150_WEB.xml,2026-06-04T17:23:34+00:00
2025Q1,31-MAR-2025,CGCL,Capri Global Capital Limited,Financial Services,Midcap,0.98,14.52,https://nsearchives.nseindia.com/corporate/xbrl/SHP_197153_1414309_15042025110151_WEB.xml,2026-06-04T17:23:39+00:00
2025Q1,31-MAR-2025,CGPOWER,CG Power and Industrial Solutions Limited,Capital Goods,Nifty Next 50,12.97,13.59,https://nsearchives.nseindia.com/corporate/xbrl/SHP_197318_1415287_15042025101854_WEB.xml,2026-05-22T16:51:00+00:00
2025Q1,31-MAR-2025,CHOLAFIN,Cholamandalam Investment and Finance Company Limited,Financial Services,Nifty Next 50,28.23,15.49,https://nsearchives.nseindia.com/corporate/xbrl/SHP_198576_1420548_21042025110240_WEB.xml,2026-05-22T16:50:52+00:00
2025Q1,31-MAR-2025,CIPLA,Cipla Limited,Pharma,Nifty 50,26.28,28.15,https://nsearchives.nseindia.com/corporate/xbrl/SHP_198794_1421427_21042025050649_WEB.xml,2026-06-04T18:23:40+00:00
2025Q1,31-MAR-2025,COALINDIA,Coal India Limited,Mining,Nifty 50,7.74,23.35,https://nsearchives.nseindia.com/corporate/xbrl/SHP_196406_1409358_07042025042204_WEB.xml,2026-06-03T19:34:30+00:00
2025Q1,31-MAR-2025,COFORGE,Coforge Limited,IT,Midcap,40.21,49.94,https://nsearchives.nseindia.com/corporate/xbrl/SHP_198682_1420923_21042025020730_WEB.xml,2026-06-04T17:23:44+00:00
2025Q1,31-MAR-2025,COLPAL,Colgate Palmolive (India) Limited,FMCG,Midcap,22.22,8.12,https://nsearchives.nseindia.com/corporate/xbrl/SHP_198821_1421561_21042025053915_WEB.xml,2026-06-04T17:23:49+00:00
2025Q1,31-MAR-2025,CONCOR,Container Corporation of India Limited,Logistics,Midcap,13.1,26.19,https://nsearchives.nseindia.com/corporate/xbrl/SHP_198805_1421468_21042025051658_WEB.xml,2026-06-04T17:23:54+00:00
2025Q1,31-MAR-2025,COROMANDEL,Coromandel International Limited,Chemicals,Midcap,10.61,18.98,https://nsearchives.nseindia.com/corporate/xbrl/SHP_198880_1421868_21042025071659_WEB.xml,2026-06-04T17:24:00+00:00
2025Q1,31-MAR-2025,CUMMINSIND,Cummins India Limited,Capital Goods,Midcap,17.21,22.94,https://nsearchives.nseindia.com/corporate/xbrl/SHP_197967_1418340_18042025011215_WEB.xml,2026-06-04T17:24:05+00:00
2025Q1,31-MAR-2025,DABUR,Dabur India Limited,FMCG,Nifty Next 50,12.68,15.69,https://nsearchives.nseindia.com/corporate/xbrl/SHP_198211_1419168_18042025064102_WEB.xml,2026-05-22T16:51:08+00:00
2025Q1,31-MAR-2025,DEEPAKNTR,Deepak Nitrite Limited,Chemicals,Midcap,6.65,23.22,https://nsearchives.nseindia.com/corporate/xbrl/SHP_196735_1411665_10042025034348_WEB.xml,2026-06-04T17:24:10+00:00
2025Q1,31-MAR-2025,DIVISLAB,Divi's Laboratories Limited,Pharma,Nifty 50,18.01,20.71,https://nsearchives.nseindia.com/corporate/xbrl/SHP_197933_1418219_18042025121732_WEB.xml,2026-05-22T16:58:30+00:00
2025Q1,31-MAR-2025,DIXON,Dixon Technologies (India) Limited,Consumer Durables,Midcap,21.81,23.07,https://nsearchives.nseindia.com/corporate/xbrl/SHP_198321_1419637_19042025123351_WEB.xml,2026-06-04T17:24:15+00:00
2025Q1,31-MAR-2025,DLF,DLF Limited,Realty,Nifty Next 50,16.27,4.72,https://nsearchives.nseindia.com/corporate/xbrl/SHP_196331_1408632_04042025070604_WEB.xml,2026-05-22T16:51:17+00:00
2025Q1,31-MAR-2025,DMART,Avenue Supermarts Limited,Retail,Nifty Next 50,8.18,9.15,https://nsearchives.nseindia.com/corporate/xbrl/SHP_198714_1421105_21042025031646_WEB.xml,2026-05-22T16:51:25+00:00
2025Q1,31-MAR-2025,DRREDDY,Dr. Reddy's Laboratories Limited,Pharma,Nifty 50,37.29,25.62,https://nsearchives.nseindia.com/corporate/xbrl/SHP_198504_1420290_19042025083556_WEB.xml,2026-05-22T16:58:38+00:00
2025Q1,31-MAR-2025,EICHERMOT,Eicher Motors Limited,Auto,Nifty 50,25.03,16.63,https://nsearchives.nseindia.com/corporate/xbrl/SHP_198010_1418470_18042025023829_WEB.xml,2026-05-22T16:58:46+00:00
2025Q1,31-MAR-2025,ESCORTS,Escorts Kubota Limited,Capital Goods,Midcap,5.21,11.34,https://nsearchives.nseindia.com/corporate/xbrl/SHP_196790_1411928_10042025055623_WEB.xml,2026-06-04T17:24:21+00:00
2025Q1,31-MAR-2025,EXIDEIND,Exide Industries Limited,Auto,Midcap,11.6,17.15,https://nsearchives.nseindia.com/corporate/xbrl/SHP_196690_1411398_10042025114912_WEB.xml,2026-06-04T17:24:26+00:00
2025Q1,31-MAR-2025,FEDERALBNK,The Federal Bank  Limited,Banking,Midcap,26.28,49.07,https://nsearchives.nseindia.com/corporate/xbrl/SHP_197205_1414610_15042025030601_WEB.xml,2026-06-04T17:24:31+00:00
2025Q1,31-MAR-2025,GAIL,GAIL (India) Limited,Oil & Gas,Nifty Next 50,14.79,19.13,https://nsearchives.nseindia.com/corporate/xbrl/SHP_196445_1409738_08042025115555_WEB.xml,2026-05-22T16:51:33+00:00
2025Q1,31-MAR-2025,GLAND,Gland Pharma Limited,Pharma,Midcap,6.9,33.27,https://nsearchives.nseindia.com/corporate/xbrl/SHP_197272_1415324_16042025102335_WEB.xml,2026-06-04T17:24:36+00:00
2025Q1,31-MAR-2025,GODREJCP,Godrej Consumer Products Limited,FMCG,Nifty Next 50,19.54,12.2,https://nsearchives.nseindia.com/corporate/xbrl/SHP_197747_1417377_17042025045446_WEB.xml,2026-05-22T16:51:41+00:00
2025Q1,31-MAR-2025,GODREJPROP,Godrej Properties Limited,Realty,Midcap,30.54,9.33,https://nsearchives.nseindia.com/corporate/xbrl/SHP_197640_1416913_17042025015542_WEB.xml,2026-06-04T17:24:41+00:00
2025Q1,31-MAR-2025,GRASIM,Grasim Industries Limited,Cement,Nifty 50,15.55,18.24,https://nsearchives.nseindia.com/corporate/xbrl/SHP_197380_1415555_16042025125951_WEB.xml,2026-05-22T16:58:54+00:00
2025Q1,31-MAR-2025,HAL,Hindustan Aeronautics Limited,Defence,Nifty Next 50,12.08,8.3,https://nsearchives.nseindia.com/corporate/xbrl/SHP_197455_1415894_16042025042322_WEB.xml,2026-05-22T16:51:49+00:00
2025Q1,31-MAR-2025,HAVELLS,Havells India Limited,Consumer Durables,Nifty Next 50,22.31,12.76,https://nsearchives.nseindia.com/corporate/xbrl/SHP_198042_1418584_18042025033625_WEB.xml,2026-05-22T16:51:58+00:00
2025Q1,31-MAR-2025,HCLTECH,HCL Technologies Limited,IT,Nifty 50,19.14,15.48,https://nsearchives.nseindia.com/corporate/xbrl/SHP_198416_1419977_19042025041817_WEB.xml,2026-05-22T16:59:02+00:00
2025Q1,31-MAR-2025,HDFCAMC,HDFC Asset Management Company Limited,Financial Services,Midcap,20.51,18.01,https://nsearchives.nseindia.com/corporate/xbrl/SHP_196430_1409649_08042025094015_WEB.xml,2026-06-04T17:24:47+00:00
2025Q1,31-MAR-2025,HDFCBANK,HDFC Bank Limited,Banking,Nifty 50,48.3,35.86,https://nsearchives.nseindia.com/corporate/xbrl/SHP_196328_1408519_04042025045009_WEB.xml,2026-05-22T16:59:11+00:00
2025Q1,31-MAR-2025,HDFCLIFE,HDFC Life Insurance Company Limited,Insurance,Nifty 50,24.95,14.1,https://nsearchives.nseindia.com/corporate/xbrl/SHP_198325_1419655_19042025124006_WEB.xml,2026-05-22T16:59:19+00:00
2025Q1,31-MAR-2025,HEROMOTOCO,Hero MotoCorp Limited,Auto,Nifty 50,27.43,27.9,https://nsearchives.nseindia.com/corporate/xbrl/SHP_197855_1417888_17042025075334_WEB.xml,2026-05-22T16:59:28+00:00
2025Q1,31-MAR-2025,HINDALCO,Hindalco Industries Limited,Metals,Nifty 50,31.83,24.81,https://nsearchives.nseindia.com/corporate/xbrl/SHP_198094_1433649_08052025094701_WEB.xml,2026-05-22T16:59:36+00:00
2025Q1,31-MAR-2025,HINDPETRO,Hindustan Petroleum Corporation Limited,Oil & Gas,Midcap,12.55,23.56,https://nsearchives.nseindia.com/corporate/xbrl/SHP_196960_1413079_11042025083744_WEB.xml,2026-06-04T17:24:52+00:00
2025Q1,31-MAR-2025,HINDUNILVR,Hindustan Unilever Limited,FMCG,Nifty 50,10.62,15.54,https://nsearchives.nseindia.com/corporate/xbrl/SHP_198909_1422002_21042025083332_WEB.xml,2026-05-22T16:59:44+00:00
2025Q1,31-MAR-2025,HINDZINC,Hindustan Zinc Limited,Metals,Nifty Next 50,1.42,4.14,https://nsearchives.nseindia.com/corporate/xbrl/SHP_198179_1419059_18042025060113_WEB.xml,2026-05-22T16:52:06+00:00
2025Q1,31-MAR-2025,HONAUT,Honeywell Automation India Limited,Capital Goods,Midcap,2.59,12.36,https://nsearchives.nseindia.com/corporate/xbrl/SHP_197874_1418010_18042025081830_WEB.xml,2026-06-04T17:24:57+00:00
2025Q1,31-MAR-2025,HYUNDAI,Hyundai Motor India Limited,Auto,Nifty Next 50,7.17,7.01,https://nsearchives.nseindia.com/corporate/xbrl/SHP_198713_1421099_21042025031502_WEB.xml,2026-05-22T16:52:14+00:00
2025Q1,31-MAR-2025,ICICIBANK,ICICI Bank Limited,Banking,Nifty 50,45.82,44.78,https://nsearchives.nseindia.com/corporate/xbrl/SHP_198697_1420995_21042025024359_WEB.xml,2026-05-22T16:59:52+00:00
2025Q1,31-MAR-2025,ICICIGI,ICICI Lombard General Insurance Company Limited,Insurance,Nifty Next 50,23.68,17.84,https://nsearchives.nseindia.com/corporate/xbrl/SHP_1503114_05082025062644_WEB.xml,2026-05-22T16:52:23+00:00
2025Q1,31-MAR-2025,ICICIPRULI,ICICI Prudential Life Insurance Company Limited,Insurance,Nifty Next 50,13.25,8.8,https://nsearchives.nseindia.com/corporate/xbrl/SHP_198142_1418939_18042025053102_WEB.xml,2026-05-22T16:52:31+00:00
2025Q1,31-MAR-2025,IDEA,Vodafone Idea Limited,Telecom,Midcap,10.11,4.93,https://nsearchives.nseindia.com/corporate/xbrl/SHP_196545_1410432_08042025073827_WEB.xml,2026-06-04T17:25:03+00:00
2025Q1,31-MAR-2025,IDFCFIRSTB,IDFC First Bank Limited,Banking,Midcap,25.68,19.3,https://nsearchives.nseindia.com/corporate/xbrl/SHP_197528_1416292_16042025064100_WEB.xml,2026-06-04T17:25:08+00:00
2025Q1,31-MAR-2025,IGL,Indraprastha Gas Limited,Oil & Gas,Midcap,14.67,26.18,https://nsearchives.nseindia.com/corporate/xbrl/SHP_198310_1419575_19042025121325_WEB.xml,2026-06-04T17:25:13+00:00
2025Q1,31-MAR-2025,INDHOTEL,The Indian Hotels Company Limited,Hospitality,Nifty Next 50,26.96,19.18,https://nsearchives.nseindia.com/corporate/xbrl/SHP_1520522_01092025010803_WEB.xml,2026-05-22T16:52:40+00:00
2025Q1,31-MAR-2025,INDIANB,Indian Bank,Banking,Midcap,4.74,17.77,https://nsearchives.nseindia.com/corporate/xbrl/SHP_196362_1408976_05042025072333_WEB.xml,2026-06-04T17:25:18+00:00
2025Q1,31-MAR-2025,INDIGO,InterGlobe Aviation Limited,Aviation,Nifty Next 50,25.12,20.73,https://nsearchives.nseindia.com/corporate/xbrl/SHP_198196_1419119_18042025062310_WEB.xml,2026-05-22T16:52:48+00:00
2025Q1,31-MAR-2025,INDUSINDBK,IndusInd Bank Limited,Banking,Nifty 50,29.53,36.7,https://nsearchives.nseindia.com/corporate/xbrl/SHP_1495205_28072025043250_WEB.xml,2026-05-22T17:00:00+00:00
2025Q1,31-MAR-2025,INDUSTOWER,Indus Towers Limited,Telecom,Nifty Next 50,26.42,18.41,https://nsearchives.nseindia.com/corporate/xbrl/SHP_198860_1441247_16052025052010_WEB.xml,2026-05-22T16:52:56+00:00
2025Q1,31-MAR-2025,INFY,Infosys Limited,IT,Nifty 50,32.88,38.52,https://nsearchives.nseindia.com/corporate/xbrl/SHP_198016_1418484_18042025024826_WEB.xml,2026-05-22T17:00:08+00:00
2025Q1,31-MAR-2025,IOB,Indian Overseas Bank,Banking,Midcap,0.22,2.59,https://nsearchives.nseindia.com/corporate/xbrl/SHP_197262_1414876_15042025045304_WEB.xml,2026-06-04T17:25:24+00:00
2025Q1,31-MAR-2025,IOC,Indian Oil Corporation Limited,Oil & Gas,Nifty Next 50,7.38,10.07,https://nsearchives.nseindia.com/corporate/xbrl/SHP_197531_1416303_16042025064410_WEB.xml,2026-05-22T16:53:04+00:00
2025Q1,31-MAR-2025,IPCALAB,IPCA Laboratories Limited,Pharma,Midcap,10.76,36.06,https://nsearchives.nseindia.com/corporate/xbrl/SHP_196600_1410789_09042025024002_WEB.xml,2026-06-04T17:25:29+00:00
2025Q1,31-MAR-2025,IRCTC,Indian Railway Catering And Tourism Corporation Limited,Consumer Services,Nifty Next 50,7.37,13.89,https://nsearchives.nseindia.com/corporate/xbrl/SHP_197261_1414872_15042025045145_WEB.xml,2026-05-22T16:53:12+00:00
2025Q1,31-MAR-2025,IRFC,Indian Railway Finance Corporation Limited,Financial Services,Nifty Next 50,0.98,1.34,https://nsearchives.nseindia.com/corporate/xbrl/SHP_197656_1416984_17042025025122_WEB.xml,2026-05-22T16:53:20+00:00
2025Q1,31-MAR-2025,ITC,ITC Limited,FMCG,Nifty 50,39.87,45.19,https://nsearchives.nseindia.com/corporate/xbrl/SHP_197418_1415731_16042025031850_WEB.xml,2026-05-22T17:00:17+00:00
2025Q1,31-MAR-2025,JINDALSTEL,Jindal Steel & Power Limited,Metals,Nifty Next 50,9.59,17.72,https://nsearchives.nseindia.com/corporate/xbrl/SHP_198627_1420717_21042025122329_WEB.xml,2026-05-22T16:53:28+00:00
2025Q1,31-MAR-2025,JIOFIN,Jio Financial Services Limited,Financial Services,Nifty Next 50,11.66,14.3,https://nsearchives.nseindia.com/corporate/xbrl/SHP_198863_1421785_21042025064702_WEB.xml,2026-05-22T16:53:36+00:00
2025Q1,31-MAR-2025,JSL,Jindal Stainless Limited,Metals,Midcap,21.38,6.92,https://nsearchives.nseindia.com/corporate/xbrl/SHP_197510_1416211_16042025060625_WEB.xml,2026-06-04T17:25:34+00:00
2025Q1,31-MAR-2025,JSWSTEEL,JSW Steel Limited,Metals,Nifty 50,25.78,10.52,https://nsearchives.nseindia.com/corporate/xbrl/SHP_197206_1414614_15042025030658_WEB.xml,2026-05-22T17:00:25+00:00
2025Q1,31-MAR-2025,JUBLFOOD,Jubilant Foodworks Limited,Consumer Services,Midcap,20.55,31.23,https://nsearchives.nseindia.com/corporate/xbrl/SHP_198219_1419191_18042025064911_WEB.xml,2026-06-04T17:25:39+00:00
2025Q1,31-MAR-2025,KOTAKBANK,Kotak Mahindra Bank Limited,Banking,Nifty 50,32.65,29.14,https://nsearchives.nseindia.com/corporate/xbrl/SHP_196943_1412925_11042025062512_WEB.xml,2026-05-22T17:00:33+00:00
2025Q1,31-MAR-2025,KPITTECH,KPIT Technologies Limited,IT,Midcap,17.18,21.3,https://nsearchives.nseindia.com/corporate/xbrl/SHP_197341_1415389_16042025105942_WEB.xml,2026-06-04T17:25:44+00:00
2025Q1,31-MAR-2025,LICHSGFIN,LIC Housing Finance Limited,Financial Services,Midcap,21.55,21.34,https://nsearchives.nseindia.com/corporate/xbrl/SHP_198456_1420118_19042025054300_WEB.xml,2026-06-04T17:25:49+00:00
2025Q1,31-MAR-2025,LICI,Life Insurance Corporation Of India,Insurance,Nifty Next 50,0.1,1.28,https://nsearchives.nseindia.com/corporate/xbrl/SHP_196506_1410109_08042025043903_WEB.xml,2026-05-22T16:53:44+00:00
2025Q1,31-MAR-2025,LODHA,Macrotech Developers Limited,Realty,Nifty Next 50,24.65,2.36,https://nsearchives.nseindia.com/corporate/xbrl/SHP_197598_1416718_17042025121443_WEB.xml,2026-05-22T16:53:52+00:00
2025Q1,31-MAR-2025,LT,Larsen & Toubro Limited,Infrastructure,Nifty 50,19.8,42.71,https://nsearchives.nseindia.com/corporate/xbrl/SHP_197578_1416639_17042025114403_WEB.xml,2026-05-22T17:00:41+00:00
2025Q1,31-MAR-2025,LTF,L&T Finance Limited,Financial Services,Midcap,5.48,13.29,https://nsearchives.nseindia.com/corporate/xbrl/SHP_196633_1410934_09042025041631_WEB.xml,2026-06-04T17:26:00+00:00
2025Q1,31-MAR-2025,LTTS,L&T Technology Services Limited,IT,Midcap,5.18,13.68,https://nsearchives.nseindia.com/corporate/xbrl/SHP_198636_1420751_21042025124154_WEB.xml,2026-06-04T17:26:05+00:00
2025Q1,31-MAR-2025,LUPIN,Lupin Limited,Pharma,Midcap,21.46,25.41,https://nsearchives.nseindia.com/corporate/xbrl/SHP_197454_1415891_16042025042212_WEB.xml,2026-06-04T17:25:55+00:00
2025Q1,31-MAR-2025,M&M,Mahindra & Mahindra Limited,Auto,Nifty 50,38.3,29.79,https://nsearchives.nseindia.com/corporate/xbrl/SHP_198520_1420343_19042025112626_WEB.xml,2026-05-22T17:00:49+00:00
2025Q1,31-MAR-2025,M&MFIN,Mahindra & Mahindra Financial Services Limited,Financial Services,Midcap,10.68,31.31,https://nsearchives.nseindia.com/corporate/xbrl/SHP_197706_1417226_17042025041445_WEB.xml,2026-06-04T17:26:10+00:00
2025Q1,31-MAR-2025,MARICO,Marico Limited,FMCG,Nifty Next 50,22.08,14.21,https://nsearchives.nseindia.com/corporate/xbrl/SHP_197305_1415166_15042025064834_WEB.xml,2026-05-22T16:53:59+00:00
2025Q1,31-MAR-2025,MARUTI,Maruti Suzuki India Limited,Auto,Nifty 50,14.96,23.64,https://nsearchives.nseindia.com/corporate/xbrl/SHP_198558_1420472_21042025094824_WEB.xml,2026-05-22T17:00:57+00:00
2025Q1,31-MAR-2025,MFSL,Max Financial Services Limited,Insurance,Midcap,44.75,47.3,https://nsearchives.nseindia.com/corporate/xbrl/SHP_196388_1409230_07042025022453_WEB.xml,2026-06-04T17:26:16+00:00
2025Q1,31-MAR-2025,MGL,Mahanagar Gas Limited,Oil & Gas,Midcap,23.76,23.82,https://nsearchives.nseindia.com/corporate/xbrl/SHP_198112_1418830_18042025050122_WEB.xml,2026-06-04T17:26:21+00:00
2025Q1,31-MAR-2025,MOTHERSON,Samvardhana Motherson International Limited,Auto,Nifty Next 50,12.42,21.0,https://nsearchives.nseindia.com/corporate/xbrl/SHP_197707_1417227_17042025041449_WEB.xml,2026-05-22T16:54:07+00:00
2025Q1,31-MAR-2025,MOTILALOFS,Motilal Oswal Financial Services Limited,Financial Services,Midcap,6.01,5.71,https://nsearchives.nseindia.com/corporate/xbrl/SHP_1526352_11092025093417_WEB.xml,2026-06-04T17:26:27+00:00
2025Q1,31-MAR-2025,MPHASIS,MphasiS Limited,IT,Midcap,20.61,34.91,https://nsearchives.nseindia.com/corporate/xbrl/SHP_197123_1414085_14042025054924_WEB.xml,2026-06-04T17:26:32+00:00
2025Q1,31-MAR-2025,MRF,MRF Limited,Auto,Midcap,17.54,12.22,https://nsearchives.nseindia.com/corporate/xbrl/SHP_197395_1415626_16042025015757_WEB.xml,2026-06-04T17:26:38+00:00
2025Q1,31-MAR-2025,MUTHOOTFIN,Muthoot Finance Limited,Financial Services,Midcap,11.03,11.74,https://nsearchives.nseindia.com/corporate/xbrl/SHP_197202_1414588_15042025025534_WEB.xml,2026-06-04T17:26:44+00:00
2025Q1,31-MAR-2025,NAM-INDIA,Nippon Life India Asset Management Limited,Financial Services,Midcap,8.34,12.8,https://nsearchives.nseindia.com/corporate/xbrl/SHP_198584_1420572_21042025111004_WEB.xml,2026-06-04T17:26:49+00:00
2025Q1,31-MAR-2025,NAUKRI,Info Edge (India) Limited,Consumer Services,Nifty Next 50,33.25,18.83,https://nsearchives.nseindia.com/corporate/xbrl/SHP_198808_1421479_21042025052026_WEB.xml,2026-05-22T16:54:15+00:00
2025Q1,31-MAR-2025,NESTLEIND,Nestle India Limited,FMCG,Nifty 50,10.01,11.31,https://nsearchives.nseindia.com/corporate/xbrl/SHP_198919_1422086_21042025092358_WEB.xml,2026-05-22T17:01:06+00:00
2025Q1,31-MAR-2025,NHPC,NHPC Limited,Power,Nifty Next 50,8.8,10.62,https://nsearchives.nseindia.com/corporate/xbrl/SHP_197757_1417417_17042025050718_WEB.xml,2026-05-22T16:54:24+00:00
2025Q1,31-MAR-2025,NMDC,NMDC Limited,Mining,Nifty Next 50,11.72,15.13,https://nsearchives.nseindia.com/corporate/xbrl/SHP_198510_1420309_19042025091350_WEB.xml,2026-05-22T16:54:32+00:00
2025Q1,31-MAR-2025,NTPC,NTPC Limited,Power,Nifty 50,17.79,27.22,https://nsearchives.nseindia.com/corporate/xbrl/SHP_197914_1418160_18042025114954_WEB.xml,2026-05-22T17:01:14+00:00
2025Q1,31-MAR-2025,NYKAA,FSN E-Commerce Ventures Limited,Consumer Services,Midcap,8.83,25.2,https://nsearchives.nseindia.com/corporate/xbrl/SHP_196794_1411968_10042025062407_WEB.xml,2026-06-04T17:26:55+00:00
2025Q1,31-MAR-2025,OBEROIRLTY,Oberoi Realty Limited,Realty,Midcap,19.97,10.2,https://nsearchives.nseindia.com/corporate/xbrl/SHP_198213_1419172_18042025064150_WEB.xml,2026-06-04T17:27:00+00:00
2025Q1,31-MAR-2025,OFSS,Oracle Financial Services Software Limited,IT,Midcap,8.75,8.69,https://nsearchives.nseindia.com/corporate/xbrl/SHP_196526_1410213_08042025053310_WEB.xml,2026-06-04T17:27:06+00:00
2025Q1,31-MAR-2025,ONGC,Oil & Natural Gas Corporation Limited,Oil & Gas,Nifty 50,7.12,19.94,https://nsearchives.nseindia.com/corporate/xbrl/SHP_198044_1418589_18042025033706_WEB.xml,2026-05-22T17:01:22+00:00
2025Q1,31-MAR-2025,PAGEIND,Page Industries Limited,Textiles,Midcap,23.58,28.61,https://nsearchives.nseindia.com/corporate/xbrl/SHP_197884_1418049_18042025103735_WEB.xml,2026-06-04T17:27:12+00:00
2025Q1,31-MAR-2025,PATANJALI,Patanjali Foods Limited,FMCG,Midcap,13.42,8.71,https://nsearchives.nseindia.com/corporate/xbrl/SHP_198610_1420660_21042025115726_WEB.xml,2026-06-04T17:27:17+00:00
2025Q1,31-MAR-2025,PAYTM,One 97 Communications Limited,Financial Services,Midcap,55.38,14.02,https://nsearchives.nseindia.com/corporate/xbrl/SHP_196758_1411753_10042025043422_WEB.xml,2026-06-04T17:27:22+00:00
2025Q1,31-MAR-2025,PEL,Piramal Enterprises Limited,Financial Services,Midcap,16.12,14.34,https://nsearchives.nseindia.com/corporate/xbrl/SHP_198828_1444648_20052025064052_WEB.xml,2026-06-04T17:27:25+00:00
2025Q1,31-MAR-2025,PERSISTENT,Persistent Systems Limited,IT,Midcap,24.36,26.85,https://nsearchives.nseindia.com/corporate/xbrl/SHP_198055_1418619_18042025035340_WEB.xml,2026-06-04T17:27:34+00:00
2025Q1,31-MAR-2025,PETRONET,Petronet LNG Limited,Oil & Gas,Midcap,28.77,11.18,https://nsearchives.nseindia.com/corporate/xbrl/SHP_198256_1419346_18042025085440_WEB.xml,2026-06-04T17:27:39+00:00
2025Q1,31-MAR-2025,PFC,Power Finance Corporation Limited,Financial Services,Nifty Next 50,18.84,16.18,https://nsearchives.nseindia.com/corporate/xbrl/SHP_197147_1414282_15042025100624_WEB.xml,2026-05-22T16:54:40+00:00
2025Q1,31-MAR-2025,PHOENIXLTD,The Phoenix Mills Limited,Realty,Midcap,36.15,12.6,https://nsearchives.nseindia.com/corporate/xbrl/SHP_198842_1421670_21042025060828_WEB.xml,2026-06-04T17:27:45+00:00
2025Q1,31-MAR-2025,PIDILITIND,Pidilite Industries Limited,Chemicals,Nifty Next 50,11.6,9.43,https://nsearchives.nseindia.com/corporate/xbrl/SHP_197664_1417018_17042025030435_WEB.xml,2026-05-22T16:54:48+00:00
2025Q1,31-MAR-2025,PIIND,PI Industries Limited,Chemicals,Midcap,18.05,27.57,https://nsearchives.nseindia.com/corporate/xbrl/SHP_198473_1420172_19042025061808_WEB.xml,2026-06-04T17:27:50+00:00
2025Q1,31-MAR-2025,PNB,Punjab National Bank,Banking,Midcap,5.7,14.67,https://nsearchives.nseindia.com/corporate/xbrl/SHP_196447_1409750_08042025120832_WEB.xml,2026-06-04T17:27:55+00:00
2025Q1,31-MAR-2025,POLICYBZR,PB Fintech Limited,Financial Services,Midcap,45.93,22.95,https://nsearchives.nseindia.com/corporate/xbrl/SHP_198235_1419269_18042025072954_WEB.xml,2026-06-04T17:28:00+00:00
2025Q1,31-MAR-2025,POLYCAB,Polycab India Limited,Consumer Durables,Midcap,11.11,10.95,https://nsearchives.nseindia.com/corporate/xbrl/SHP_197005_1413408_12042025063545_WEB.xml,2026-06-04T17:28:06+00:00
2025Q1,31-MAR-2025,POWERGRID,Power Grid Corporation of India Limited,Power,Nifty 50,26.78,18.35,https://nsearchives.nseindia.com/corporate/xbrl/SHP_196821_1412194_11042025114927_WEB.xml,2026-05-22T17:01:30+00:00
2025Q1,31-MAR-2025,PRESTIGE,Prestige Estates Projects Limited,Realty,Midcap,17.08,19.23,https://nsearchives.nseindia.com/corporate/xbrl/SHP_198933_1422192_21042025110747_WEB.xml,2026-06-04T17:28:12+00:00
2025Q1,31-MAR-2025,RECLTD,REC Limited,Financial Services,Nifty Next 50,20.48,14.79,https://nsearchives.nseindia.com/corporate/xbrl/SHP_197285_1415024_15042025053915_WEB.xml,2026-05-22T16:54:56+00:00
2025Q1,31-MAR-2025,RELIANCE,Reliance Industries Limited,Conglomerate,Nifty 50,19.06,19.46,https://nsearchives.nseindia.com/corporate/xbrl/SHP_198754_1421266_21042025041033_WEB.xml,2026-05-22T17:01:39+00:00
2025Q1,31-MAR-2025,RVNL,Rail Vikas Nigam Limited,Infrastructure,Midcap,5.07,6.21,https://nsearchives.nseindia.com/corporate/xbrl/SHP_197836_1417800_17042025065951_WEB.xml,2026-06-04T17:28:17+00:00
2025Q1,31-MAR-2025,SAIL,Steel Authority of India Limited,Metals,Midcap,3.2,15.75,https://nsearchives.nseindia.com/corporate/xbrl/SHP_198482_1420192_19042025063119_WEB.xml,2026-06-04T17:28:23+00:00
2025Q1,31-MAR-2025,SBICARD,SBI Cards and Payment Services Limited,Financial Services,Nifty Next 50,9.88,17.22,https://nsearchives.nseindia.com/corporate/xbrl/SHP_197862_1417936_17042025090024_WEB.xml,2026-05-22T16:55:04+00:00
2025Q1,31-MAR-2025,SBILIFE,SBI Life Insurance Company Limited,Insurance,Nifty 50,21.88,18.67,https://nsearchives.nseindia.com/corporate/xbrl/SHP_196958_1413057_11042025081506_WEB.xml,2026-05-22T17:01:47+00:00
2025Q1,31-MAR-2025,SBIN,State Bank of India,Banking,Nifty 50,9.95,25.05,https://nsearchives.nseindia.com/corporate/xbrl/SHP_197625_1416830_17042025010539_WEB.xml,2026-05-22T17:01:56+00:00
2025Q1,31-MAR-2025,SHREECEM,SHREE CEMENT LIMITED,Cement,Nifty Next 50,9.71,15.32,https://nsearchives.nseindia.com/corporate/xbrl/SHP_197522_1416273_16042025062830_WEB.xml,2026-05-22T16:55:12+00:00
2025Q1,31-MAR-2025,SHRIRAMFIN,Shriram Finance Limited,Financial Services,Nifty Next 50,53.58,15.33,https://nsearchives.nseindia.com/corporate/xbrl/SHP_198160_1437043_13052025122744_WEB.xml,2026-05-22T16:55:21+00:00
2025Q1,31-MAR-2025,SIEMENS,Siemens Limited,Capital Goods,Nifty Next 50,8.19,7.29,https://nsearchives.nseindia.com/corporate/xbrl/SHP_198813_1421519_21042025052702_WEB.xml,2026-05-22T16:55:29+00:00
2025Q1,31-MAR-2025,SOLARINDS,Solar Industries India Limited,Chemicals,Midcap,5.82,14.11,https://nsearchives.nseindia.com/corporate/xbrl/SHP_197557_1416540_17042025103745_WEB.xml,2026-06-04T17:28:29+00:00
2025Q1,31-MAR-2025,SONACOMS,Sona BLW Precision Forgings Limited,Auto,Midcap,29.92,34.42,https://nsearchives.nseindia.com/corporate/xbrl/SHP_1523564_05092025041438_WEB.xml,2026-06-04T17:28:35+00:00
2025Q1,31-MAR-2025,SRF,SRF Limited,Chemicals,Midcap,18.27,18.43,https://nsearchives.nseindia.com/corporate/xbrl/SHP_198563_1420496_21042025103149_WEB.xml,2026-06-04T17:28:41+00:00
2025Q1,31-MAR-2025,SUNDARMFIN,Sundaram Finance Limited,Financial Services,Midcap,19.0,7.54,https://nsearchives.nseindia.com/corporate/xbrl/SHP_197840_1417822_17042025070852_WEB.xml,2026-06-04T17:28:47+00:00
2025Q1,31-MAR-2025,SUNPHARMA,Sun Pharmaceutical Industries Limited,Pharma,Nifty 50,17.96,18.7,https://nsearchives.nseindia.com/corporate/xbrl/SHP_197857_1417896_17042025075818_WEB.xml,2026-05-22T17:02:04+00:00
2025Q1,31-MAR-2025,SUPREMEIND,Supreme Industries Limited,Consumer Durables,Midcap,22.93,13.25,https://nsearchives.nseindia.com/corporate/xbrl/SHP_196645_1410988_09042025044127_WEB.xml,2026-06-04T17:28:52+00:00
2025Q1,31-MAR-2025,SUZLON,Suzlon Energy Limited,Power,Midcap,23.03,8.73,https://nsearchives.nseindia.com/corporate/xbrl/SHP_196611_1410830_09042025030644_WEB.xml,2026-06-04T17:28:58+00:00
2025Q1,31-MAR-2025,SWIGGY,Swiggy Limited,Consumer Services,Nifty Next 50,4.9,9.33,https://nsearchives.nseindia.com/corporate/xbrl/SHP_198766_1421318_21042025043416_WEB.xml,2026-05-22T16:55:37+00:00
2025Q1,31-MAR-2025,SYNGENE,Syngene International Limited,Pharma,Midcap,19.47,21.5,https://nsearchives.nseindia.com/corporate/xbrl/SHP_198505_1420293_19042025085055_WEB.xml,2026-06-04T17:29:03+00:00
2025Q1,31-MAR-2025,TATACHEM,Tata Chemicals Limited,Chemicals,Midcap,13.3,21.97,https://nsearchives.nseindia.com/corporate/xbrl/SHP_1634029_09032026074447_WEB.xml,2026-06-04T17:29:09+00:00
2025Q1,31-MAR-2025,TATACOMM,Tata Communications Limited,Telecom,Midcap,16.98,14.51,https://nsearchives.nseindia.com/corporate/xbrl/SHP_197791_1417589_17042025053930_WEB.xml,2026-06-04T17:29:14+00:00
2025Q1,31-MAR-2025,TATACONSUM,TATA CONSUMER PRODUCTS LIMITED,FMCG,Nifty 50,21.54,21.95,https://nsearchives.nseindia.com/corporate/xbrl/SHP_197361_1415473_16042025120849_WEB.xml,2026-05-22T17:02:12+00:00
2025Q1,31-MAR-2025,TATAELXSI,Tata Elxsi Limited,IT,Midcap,12.73,8.54,https://nsearchives.nseindia.com/corporate/xbrl/SHP_198236_1419271_18042025073021_WEB.xml,2026-06-04T17:29:20+00:00
2025Q1,31-MAR-2025,TATAPOWER,Tata Power Company Limited,Power,Nifty Next 50,9.39,16.2,https://nsearchives.nseindia.com/corporate/xbrl/SHP_198571_1420527_21042025104525_WEB.xml,2026-05-22T16:55:45+00:00
2025Q1,31-MAR-2025,TATASTEEL,Tata Steel Limited,Metals,Nifty 50,18.78,24.67,https://nsearchives.nseindia.com/corporate/xbrl/SHP_198263_1419375_18042025102456_WEB.xml,2026-05-22T17:02:21+00:00
2025Q1,31-MAR-2025,TCS,Tata Consultancy Services Limited,IT,Nifty 50,12.04,11.56,https://nsearchives.nseindia.com/corporate/xbrl/SHP_198099_1418776_18042025044357_WEB.xml,2026-05-22T17:02:30+00:00
2025Q1,31-MAR-2025,TECHM,Tech Mahindra Limited,IT,Nifty 50,22.95,32.12,https://nsearchives.nseindia.com/corporate/xbrl/SHP_198634_1420742_21042025123612_WEB.xml,2026-05-22T17:02:38+00:00
2025Q1,31-MAR-2025,TIINDIA,Tube Investments of India Limited,Auto,Midcap,26.93,16.11,https://nsearchives.nseindia.com/corporate/xbrl/SHP_198538_1420398_20042025061026_WEB.xml,2026-06-04T17:29:25+00:00
2025Q1,31-MAR-2025,TITAN,Titan Company Limited,Consumer Goods,Nifty 50,17.81,12.18,https://nsearchives.nseindia.com/corporate/xbrl/SHP_196609_1410823_09042025030315_WEB.xml,2026-05-22T17:02:46+00:00
2025Q1,31-MAR-2025,TORNTPHARM,Torrent Pharmaceuticals Limited,Pharma,Midcap,16.31,8.35,https://nsearchives.nseindia.com/corporate/xbrl/SHP_198233_1419252_18042025072033_WEB.xml,2026-06-04T17:29:31+00:00
2025Q1,31-MAR-2025,TORNTPOWER,Torrent Power Limited,Power,Midcap,9.43,21.9,https://nsearchives.nseindia.com/corporate/xbrl/SHP_197478_1416021_16042025051107_WEB.xml,2026-06-04T17:29:36+00:00
2025Q1,31-MAR-2025,TRENT,Trent Limited,Retail,Nifty Next 50,19.66,17.24,https://nsearchives.nseindia.com/corporate/xbrl/SHP_196732_1411649_10042025033111_WEB.xml,2026-05-22T16:55:54+00:00
2025Q1,31-MAR-2025,TVSMOTOR,TVS Motor Company Limited,Auto,Nifty Next 50,21.48,19.74,https://nsearchives.nseindia.com/corporate/xbrl/SHP_198877_1421861_21042025071417_WEB.xml,2026-06-04T18:22:17+00:00
2025Q1,31-MAR-2025,ULTRACEMCO,UltraTech Cement Limited,Cement,Nifty 50,15.71,16.8,https://nsearchives.nseindia.com/corporate/xbrl/SHP_198037_1418567_18042025033012_WEB.xml,2026-05-22T17:02:55+00:00
2025Q1,31-MAR-2025,UNIONBANK,Union Bank of India,Banking,Midcap,7.11,11.64,https://nsearchives.nseindia.com/corporate/xbrl/SHP_198664_1420857_21042025012109_WEB.xml,2026-06-04T17:29:41+00:00
2025Q1,31-MAR-2025,UNITDSPR,United Spirits Limited,FMCG,Nifty Next 50,14.98,14.6,https://nsearchives.nseindia.com/corporate/xbrl/SHP_198797_1421436_21042025050908_WEB.xml,2026-06-04T18:22:22+00:00
2025Q1,31-MAR-2025,UPL,UPL Limited,Chemicals,Nifty 50,37.21,18.56,https://nsearchives.nseindia.com/corporate/xbrl/SHP_197453_1415885_16042025042117_WEB.xml,2026-05-22T17:03:03+00:00
2025Q1,31-MAR-2025,VBL,Varun Beverages Limited,FMCG,Nifty Next 50,22.98,9.21,https://nsearchives.nseindia.com/corporate/xbrl/SHP_197064_1413700_14042025014237_WEB.xml,2026-06-04T18:22:27+00:00
2025Q1,31-MAR-2025,VEDL,Vedanta Limited,Metals,Nifty Next 50,11.15,16.38,https://nsearchives.nseindia.com/corporate/xbrl/SHP_198312_1419579_19042025121416_WEB.xml,2026-06-04T18:22:33+00:00
2025Q1,31-MAR-2025,VOLTAS,Voltas Limited,Consumer Durables,Midcap,21.96,33.21,https://nsearchives.nseindia.com/corporate/xbrl/SHP_198764_1421312_21042025043244_WEB.xml,2026-06-04T17:29:47+00:00
2025Q1,31-MAR-2025,WIPRO,Wipro Limited,IT,Nifty 50,11.13,7.47,https://nsearchives.nseindia.com/corporate/xbrl/SHP_196527_1410215_08042025053332_WEB.xml,2026-05-22T17:03:11+00:00
2025Q1,31-MAR-2025,YESBANK,Yes Bank Limited,Banking,Midcap,26.87,39.53,https://nsearchives.nseindia.com/corporate/xbrl/SHP_197541_1416400_16042025082611_WEB.xml,2026-05-22T16:49:22+00:00
2025Q1,31-MAR-2025,ZEEL,Zee Entertainment Enterprises Limited,Media,Midcap,22.83,16.01,https://nsearchives.nseindia.com/corporate/xbrl/SHP_197500_1416144_16042025054720_WEB.xml,2026-05-22T16:49:30+00:00
2025Q1,31-MAR-2025,ZYDUSLIFE,Zydus Lifesciences Limited,Pharma,Nifty Next 50,7.32,11.01,https://nsearchives.nseindia.com/corporate/xbrl/SHP_197000_1413383_12042025053956_WEB.xml,2026-06-04T18:22:39+00:00
2025Q2,30-JUN-2025,ABB,ABB India Limited,Capital Goods,Nifty Next 50,9.25,7.66,https://nsearchives.nseindia.com/corporate/xbrl/SHP_1482664_15072025100710_WEB.xml,2026-05-22T16:49:37+00:00
2025Q2,30-JUN-2025,ABCAPITAL,Aditya Birla Capital Limited,Financial Services,Midcap,7.16,12.06,https://nsearchives.nseindia.com/corporate/xbrl/SHP_1489894_21072025095517_WEB.xml,2026-06-04T17:22:07+00:00
2025Q2,30-JUN-2025,ABFRL,Aditya Birla Fashion and Retail Limited,Retail,Midcap,17.63,12.14,https://nsearchives.nseindia.com/corporate/xbrl/SHP_1489670_21072025075016_WEB.xml,2026-06-04T17:22:12+00:00
2025Q2,30-JUN-2025,ACC,ACC Limited,Cement,Midcap,4.66,24.12,https://nsearchives.nseindia.com/corporate/xbrl/SHP_1489691_21072025075748_WEB.xml,2026-06-04T17:22:17+00:00
2025Q2,30-JUN-2025,ADANIENT,Adani Enterprises Limited,Conglomerate,Nifty 50,11.54,7.04,https://nsearchives.nseindia.com/corporate/xbrl/SHP_1489673_21072025075119_WEB.xml,2026-06-04T18:22:43+00:00
2025Q2,30-JUN-2025,ADANIGREEN,Adani Green Energy Limited,Power,Nifty Next 50,11.58,2.86,https://nsearchives.nseindia.com/corporate/xbrl/SHP_1489588_21072025072144_WEB.xml,2026-05-22T16:49:45+00:00
2025Q2,30-JUN-2025,ADANIPORTS,Adani Ports and Special Economic Zone Limited,Infrastructure,Nifty 50,13.52,15.14,https://nsearchives.nseindia.com/corporate/xbrl/SHP_1489641_21072025074034_WEB.xml,2026-06-04T18:22:48+00:00
2025Q2,30-JUN-2025,ADANIPOWER,Adani Power Limited,Power,Nifty Next 50,12.46,1.76,https://nsearchives.nseindia.com/corporate/xbrl/SHP_1544751_10102025064339_WEB.xml,2026-05-22T16:49:53+00:00
2025Q2,30-JUN-2025,ALKEM,Alkem Laboratories Limited,Pharma,Midcap,9.11,21.8,https://nsearchives.nseindia.com/corporate/xbrl/SHP_1488310_21072025114822_WEB.xml,2026-06-04T17:22:23+00:00
2025Q2,30-JUN-2025,AMBUJACEM,Ambuja Cements Limited,Cement,Nifty Next 50,7.44,18.7,https://nsearchives.nseindia.com/corporate/xbrl/SHP_1489854_21072025092150_WEB.xml,2026-05-22T16:50:02+00:00
2025Q2,30-JUN-2025,APLAPOLLO,APL Apollo Tubes Limited,Metals,Midcap,33.05,16.83,https://nsearchives.nseindia.com/corporate/xbrl/SHP_1489528_21072025070354_WEB.xml,2026-06-04T17:22:28+00:00
2025Q2,30-JUN-2025,APOLLOHOSP,Apollo Hospitals Enterprise Limited,Healthcare,Nifty 50,43.49,21.34,https://nsearchives.nseindia.com/corporate/xbrl/SHP_1478621_08072025032200_WEB.xml,2026-06-04T18:22:53+00:00
2025Q2,30-JUN-2025,ASHOKLEY,Ashok Leyland Limited,Auto,Midcap,23.85,13.88,https://nsearchives.nseindia.com/corporate/xbrl/SHP_1489143_21072025053458_WEB.xml,2026-06-04T17:22:33+00:00
2025Q2,30-JUN-2025,ASIANPAINT,Asian Paints Limited,Consumer Goods,Nifty 50,11.85,21.04,https://nsearchives.nseindia.com/corporate/xbrl/SHP_1489197_21072025054815_WEB.xml,2026-06-04T18:22:58+00:00
2025Q2,30-JUN-2025,ASTRAL,Astral Limited,Consumer Durables,Midcap,20.14,14.9,https://nsearchives.nseindia.com/corporate/xbrl/SHP_1489266_21072025060038_WEB.xml,2026-06-04T17:22:39+00:00
2025Q2,30-JUN-2025,ATGL,Adani Total Gas Limited,Oil & Gas,Nifty Next 50,13.01,6.31,https://nsearchives.nseindia.com/corporate/xbrl/SHP_1489836_21072025090921_WEB.xml,2026-05-22T16:50:10+00:00
2025Q2,30-JUN-2025,AUBANK,AU Small Finance Bank Limited,Banking,Midcap,37.68,28.87,https://nsearchives.nseindia.com/corporate/xbrl/SHP_1489757_21072025082257_WEB.xml,2026-06-04T17:22:44+00:00
2025Q2,30-JUN-2025,AUROPHARMA,Aurobindo Pharma Limited,Pharma,Midcap,14.37,26.93,https://nsearchives.nseindia.com/corporate/xbrl/SHP_1482952_15072025022756_WEB.xml,2026-06-04T17:22:50+00:00
2025Q2,30-JUN-2025,AXISBANK,Axis Bank Limited,Banking,Nifty 50,43.81,41.21,https://nsearchives.nseindia.com/corporate/xbrl/SHP_1486149_18072025115612_WEB.xml,2026-06-04T18:23:03+00:00
2025Q2,30-JUN-2025,BAJAJ-AUTO,Bajaj Auto Limited,Auto,Nifty 50,10.3,12.09,https://nsearchives.nseindia.com/corporate/xbrl/SHP_1542631_08102025050139_WEB.xml,2026-06-04T18:23:08+00:00
2025Q2,30-JUN-2025,BAJAJFINSV,Bajaj Finserv Limited,Financial Services,Nifty 50,8.4,10.09,https://nsearchives.nseindia.com/corporate/xbrl/SHP_1489909_21072025100728_WEB.xml,2026-06-04T18:23:18+00:00
2025Q2,30-JUN-2025,BAJAJHLDNG,Bajaj Holdings & Investment Limited,Financial Services,Nifty Next 50,10.31,7.45,https://nsearchives.nseindia.com/corporate/xbrl/SHP_1489845_21072025091513_WEB.xml,2026-05-22T16:50:18+00:00
2025Q2,30-JUN-2025,BAJFINANCE,Bajaj Finance Limited,Financial Services,Nifty 50,21.71,14.59,https://nsearchives.nseindia.com/corporate/xbrl/SHP_1489933_21072025104734_WEB.xml,2026-06-04T18:23:13+00:00
2025Q2,30-JUN-2025,BALKRISIND,Balkrishna Industries Limited,Auto,Midcap,10.5,24.84,https://nsearchives.nseindia.com/corporate/xbrl/SHP_1484113_16072025025019_WEB.xml,2026-06-04T17:22:55+00:00
2025Q2,30-JUN-2025,BANKBARODA,Bank of Baroda,Banking,Nifty Next 50,8.08,19.06,https://nsearchives.nseindia.com/corporate/xbrl/SHP_1483213_15072025043506_WEB.xml,2026-05-22T16:50:27+00:00
2025Q2,30-JUN-2025,BEL,Bharat Electronics Limited,Defence,Nifty Next 50,18.56,20.6,https://nsearchives.nseindia.com/corporate/xbrl/SHP_1481019_11072025050154_WEB.xml,2026-05-22T16:50:35+00:00
2025Q2,30-JUN-2025,BERGEPAINT,Berger Paints (I) Limited,Consumer Goods,Midcap,5.6,10.45,https://nsearchives.nseindia.com/corporate/xbrl/SHP_1486938_18072025060056_WEB.xml,2026-06-04T17:23:00+00:00
2025Q2,30-JUN-2025,BHARATFORG,Bharat Forge Limited,Auto,Midcap,14.37,31.41,https://nsearchives.nseindia.com/corporate/xbrl/SHP_1486490_18072025033359_WEB.xml,2026-06-04T17:23:06+00:00
2025Q2,30-JUN-2025,BHARTIARTL,Bharti Airtel Limited,Telecom,Nifty 50,26.72,19.21,https://nsearchives.nseindia.com/corporate/xbrl/SHP_1489832_21072025090547_WEB.xml,2026-06-04T18:23:29+00:00
2025Q2,30-JUN-2025,BHEL,Bharat Heavy Electricals Limited,Capital Goods,Midcap,6.36,18.45,https://nsearchives.nseindia.com/corporate/xbrl/SHP_1481761_14072025100149_WEB.xml,2026-06-04T17:23:11+00:00
2025Q2,30-JUN-2025,BIOCON,Biocon Limited,Pharma,Midcap,6.04,22.82,https://nsearchives.nseindia.com/corporate/xbrl/SHP_1489892_21072025095251_WEB.xml,2026-06-04T17:23:16+00:00
2025Q2,30-JUN-2025,BOSCHLTD,Bosch Limited,Auto,Nifty Next 50,6.18,15.98,https://nsearchives.nseindia.com/corporate/xbrl/SHP_1486636_18072025043453_WEB.xml,2026-05-22T16:50:43+00:00
2025Q2,30-JUN-2025,BPCL,Bharat Petroleum Corporation Limited,Oil & Gas,Nifty 50,15.45,22.17,https://nsearchives.nseindia.com/corporate/xbrl/SHP_1488983_21072025045338_WEB.xml,2026-06-04T18:23:23+00:00
2025Q2,30-JUN-2025,BRITANNIA,Britannia Industries Limited,FMCG,Nifty 50,15.58,18.66,https://nsearchives.nseindia.com/corporate/xbrl/SHP_1488437_21072025125300_WEB.xml,2026-06-04T18:23:34+00:00
2025Q2,30-JUN-2025,BSE,BSE Limited,Financial Services,Midcap,18.14,11.27,https://nsearchives.nseindia.com/corporate/xbrl/SHP_13769_15072025060551_WEB.xml,2026-06-04T17:23:22+00:00
2025Q2,30-JUN-2025,CAMS,Computer Age Management Services Limited,Financial Services,Midcap,52.0,17.31,https://nsearchives.nseindia.com/corporate/xbrl/SHP_1482756_15072025113826_WEB.xml,2026-06-04T17:23:27+00:00
2025Q2,30-JUN-2025,CANBK,Canara Bank,Banking,Midcap,11.38,11.41,https://nsearchives.nseindia.com/corporate/xbrl/SHP_1478001_07072025012508_WEB.xml,2026-06-04T17:23:33+00:00
2025Q2,30-JUN-2025,CGCL,Capri Global Capital Limited,Financial Services,Midcap,4.72,20.53,https://nsearchives.nseindia.com/corporate/xbrl/SHP_1483955_16072025124744_WEB.xml,2026-06-04T17:23:38+00:00
2025Q2,30-JUN-2025,CGPOWER,CG Power and Industrial Solutions Limited,Capital Goods,Nifty Next 50,12.69,14.23,https://nsearchives.nseindia.com/corporate/xbrl/SHP_1486462_18072025032506_WEB.xml,2026-05-22T16:50:59+00:00
2025Q2,30-JUN-2025,CHOLAFIN,Cholamandalam Investment and Finance Company Limited,Financial Services,Nifty Next 50,27.96,16.06,https://nsearchives.nseindia.com/corporate/xbrl/SHP_1489038_21072025050944_WEB.xml,2026-05-22T16:50:51+00:00
2025Q2,30-JUN-2025,CIPLA,Cipla Limited,Pharma,Nifty 50,25.25,29.26,https://nsearchives.nseindia.com/corporate/xbrl/SHP_1555034_21102025074617_WEB.xml,2026-06-04T18:23:39+00:00
2025Q2,30-JUN-2025,COALINDIA,Coal India Limited,Mining,Nifty 50,8.16,22.65,https://nsearchives.nseindia.com/corporate/xbrl/SHP_1480173_10072025044646_WEB.xml,2026-06-03T19:34:30+00:00
2025Q2,30-JUN-2025,COFORGE,Coforge Limited,IT,Midcap,37.42,52.33,https://nsearchives.nseindia.com/corporate/xbrl/SHP_1489383_21072025062842_WEB.xml,2026-06-04T17:23:43+00:00
2025Q2,30-JUN-2025,COLPAL,Colgate Palmolive (India) Limited,FMCG,Midcap,20.39,9.62,https://nsearchives.nseindia.com/corporate/xbrl/SHP_1488643_21072025024549_WEB.xml,2026-06-04T17:23:49+00:00
2025Q2,30-JUN-2025,CONCOR,Container Corporation of India Limited,Logistics,Midcap,12.74,26.11,https://nsearchives.nseindia.com/corporate/xbrl/SHP_1489100_21072025052555_WEB.xml,2026-06-04T17:23:54+00:00
2025Q2,30-JUN-2025,COROMANDEL,Coromandel International Limited,Chemicals,Midcap,14.29,15.86,https://nsearchives.nseindia.com/corporate/xbrl/SHP_1489783_21072025083945_WEB.xml,2026-06-04T17:23:59+00:00
2025Q2,30-JUN-2025,CUMMINSIND,Cummins India Limited,Capital Goods,Midcap,17.5,22.64,https://nsearchives.nseindia.com/corporate/xbrl/SHP_1488167_20072025074105_WEB.xml,2026-06-04T17:24:04+00:00
2025Q2,30-JUN-2025,DABUR,Dabur India Limited,FMCG,Nifty Next 50,11.85,16.24,https://nsearchives.nseindia.com/corporate/xbrl/SHP_1599930_13012026045911_WEB.xml,2026-05-22T16:51:07+00:00
2025Q2,30-JUN-2025,DEEPAKNTR,Deepak Nitrite Limited,Chemicals,Midcap,6.68,22.62,https://nsearchives.nseindia.com/corporate/xbrl/SHP_1478898_08072025060947_WEB.xml,2026-06-04T17:24:09+00:00
2025Q2,30-JUN-2025,DIVISLAB,Divi's Laboratories Limited,Pharma,Nifty 50,19.74,19.05,https://nsearchives.nseindia.com/corporate/xbrl/SHP_1486018_18072025093330_WEB.xml,2026-05-22T16:58:29+00:00
2025Q2,30-JUN-2025,DIXON,Dixon Technologies (India) Limited,Consumer Durables,Midcap,20.55,26.69,https://nsearchives.nseindia.com/corporate/xbrl/SHP_1489812_21072025085331_WEB.xml,2026-06-04T17:24:15+00:00
2025Q2,30-JUN-2025,DLF,DLF Limited,Realty,Nifty Next 50,15.97,5.01,https://nsearchives.nseindia.com/corporate/xbrl/SHP_1489927_21072025102743_WEB.xml,2026-05-22T16:51:15+00:00
2025Q2,30-JUN-2025,DMART,Avenue Supermarts Limited,Retail,Nifty Next 50,8.25,9.29,https://nsearchives.nseindia.com/corporate/xbrl/SHP_1489590_21072025072212_WEB.xml,2026-05-22T16:51:24+00:00
2025Q2,30-JUN-2025,DRREDDY,Dr. Reddy's Laboratories Limited,Pharma,Nifty 50,36.36,26.74,https://nsearchives.nseindia.com/corporate/xbrl/SHP_1488636_21072025024231_WEB.xml,2026-05-22T16:58:37+00:00
2025Q2,30-JUN-2025,EICHERMOT,Eicher Motors Limited,Auto,Nifty 50,25.83,15.76,https://nsearchives.nseindia.com/corporate/xbrl/SHP_1488778_21072025034133_WEB.xml,2026-05-22T16:58:45+00:00
2025Q2,30-JUN-2025,ESCORTS,Escorts Kubota Limited,Capital Goods,Midcap,5.22,11.43,https://nsearchives.nseindia.com/corporate/xbrl/SHP_1482325_14072025053759_WEB.xml,2026-06-04T17:24:20+00:00
2025Q2,30-JUN-2025,EXIDEIND,Exide Industries Limited,Auto,Midcap,11.47,17.4,https://nsearchives.nseindia.com/corporate/xbrl/SHP_1486229_18072025123948_WEB.xml,2026-06-04T17:24:25+00:00
2025Q2,30-JUN-2025,FEDERALBNK,The Federal Bank  Limited,Banking,Midcap,26.86,48.17,https://nsearchives.nseindia.com/corporate/xbrl/SHP_1489507_21072025065827_WEB.xml,2026-06-04T17:24:30+00:00
2025Q2,30-JUN-2025,GAIL,GAIL (India) Limited,Oil & Gas,Nifty Next 50,14.91,19.04,https://nsearchives.nseindia.com/corporate/xbrl/SHP_1484508_16072025054016_WEB.xml,2026-05-22T16:51:32+00:00
2025Q2,30-JUN-2025,GLAND,Gland Pharma Limited,Pharma,Midcap,7.39,32.85,https://nsearchives.nseindia.com/corporate/xbrl/SHP_1486447_18072025031218_WEB.xml,2026-06-04T17:24:35+00:00
2025Q2,30-JUN-2025,GODREJCP,Godrej Consumer Products Limited,FMCG,Nifty Next 50,19.35,12.4,https://nsearchives.nseindia.com/corporate/xbrl/SHP_1582076_02122025050435_WEB.xml,2026-05-22T16:51:40+00:00
2025Q2,30-JUN-2025,GODREJPROP,Godrej Properties Limited,Realty,Midcap,30.54,9.07,https://nsearchives.nseindia.com/corporate/xbrl/SHP_1485851_17072025070846_WEB.xml,2026-06-04T17:24:41+00:00
2025Q2,30-JUN-2025,GRASIM,Grasim Industries Limited,Cement,Nifty 50,15.94,17.91,https://nsearchives.nseindia.com/corporate/xbrl/SHP_1489510_21072025070000_WEB.xml,2026-05-22T16:58:53+00:00
2025Q2,30-JUN-2025,HAL,Hindustan Aeronautics Limited,Defence,Nifty Next 50,11.9,8.73,https://nsearchives.nseindia.com/corporate/xbrl/SHP_1482722_15072025111541_WEB.xml,2026-05-22T16:51:48+00:00
2025Q2,30-JUN-2025,HAVELLS,Havells India Limited,Consumer Durables,Nifty Next 50,21.59,13.36,https://nsearchives.nseindia.com/corporate/xbrl/SHP_1481231_11072025064527_WEB.xml,2026-05-22T16:51:56+00:00
2025Q2,30-JUN-2025,HCLTECH,HCL Technologies Limited,IT,Nifty 50,18.56,16.21,https://nsearchives.nseindia.com/corporate/xbrl/SHP_1489323_21072025061441_WEB.xml,2026-05-22T16:59:01+00:00
2025Q2,30-JUN-2025,HDFCAMC,HDFC Asset Management Company Limited,Financial Services,Midcap,21.97,16.66,https://nsearchives.nseindia.com/corporate/xbrl/SHP_1484138_16072025030350_WEB.xml,2026-06-04T17:24:46+00:00
2025Q2,30-JUN-2025,HDFCBANK,HDFC Bank Limited,Banking,Nifty 50,48.84,35.96,https://nsearchives.nseindia.com/corporate/xbrl/SHP_1479249_09072025025118_WEB.xml,2026-05-22T16:59:09+00:00
2025Q2,30-JUN-2025,HDFCLIFE,HDFC Life Insurance Company Limited,Insurance,Nifty 50,24.75,14.58,https://nsearchives.nseindia.com/corporate/xbrl/SHP_1489242_21072025055621_WEB.xml,2026-05-22T16:59:18+00:00
2025Q2,30-JUN-2025,HEROMOTOCO,Hero MotoCorp Limited,Auto,Nifty 50,27.05,27.83,https://nsearchives.nseindia.com/corporate/xbrl/SHP_1489947_21072025111326_WEB.xml,2026-05-22T16:59:26+00:00
2025Q2,30-JUN-2025,HINDALCO,Hindalco Industries Limited,Metals,Nifty 50,31.39,25.06,https://nsearchives.nseindia.com/corporate/xbrl/SHP_1492532_24072025053818_WEB.xml,2026-05-22T16:59:34+00:00
2025Q2,30-JUN-2025,HINDPETRO,Hindustan Petroleum Corporation Limited,Oil & Gas,Midcap,13.55,23.17,https://nsearchives.nseindia.com/corporate/xbrl/SHP_1488624_21072025023740_WEB.xml,2026-06-04T17:24:51+00:00
2025Q2,30-JUN-2025,HINDUNILVR,Hindustan Unilever Limited,FMCG,Nifty 50,10.18,16.07,https://nsearchives.nseindia.com/corporate/xbrl/SHP_1477611_04072025092802_WEB.xml,2026-05-22T16:59:43+00:00
2025Q2,30-JUN-2025,HINDZINC,Hindustan Zinc Limited,Metals,Nifty Next 50,1.36,4.82,https://nsearchives.nseindia.com/corporate/xbrl/SHP_1479576_09072025061051_WEB.xml,2026-05-22T16:52:04+00:00
2025Q2,30-JUN-2025,HONAUT,Honeywell Automation India Limited,Capital Goods,Midcap,2.77,12.16,https://nsearchives.nseindia.com/corporate/xbrl/SHP_1488455_21072025010339_WEB.xml,2026-06-04T17:24:56+00:00
2025Q2,30-JUN-2025,HYUNDAI,Hyundai Motor India Limited,Auto,Nifty Next 50,7.08,7.76,https://nsearchives.nseindia.com/corporate/xbrl/SHP_1488622_21072025023558_WEB.xml,2026-05-22T16:52:13+00:00
2025Q2,30-JUN-2025,ICICIBANK,ICICI Bank Limited,Banking,Nifty 50,46.76,43.9,https://nsearchives.nseindia.com/corporate/xbrl/SHP_1489434_21072025064422_WEB.xml,2026-05-22T16:59:51+00:00
2025Q2,30-JUN-2025,ICICIGI,ICICI Lombard General Insurance Company Limited,Insurance,Nifty Next 50,23.93,17.61,https://nsearchives.nseindia.com/corporate/xbrl/SHP_1489327_21072025061523_WEB.xml,2026-05-22T16:52:21+00:00
2025Q2,30-JUN-2025,ICICIPRULI,ICICI Prudential Life Insurance Company Limited,Insurance,Nifty Next 50,13.12,8.85,https://nsearchives.nseindia.com/corporate/xbrl/SHP_1489163_21072025054031_WEB.xml,2026-05-22T16:52:30+00:00
2025Q2,30-JUN-2025,IDEA,Vodafone Idea Limited,Telecom,Midcap,5.98,4.16,https://nsearchives.nseindia.com/corporate/xbrl/SHP_1489086_21072025052231_WEB.xml,2026-06-04T17:25:02+00:00
2025Q2,30-JUN-2025,IDFCFIRSTB,IDFC First Bank Limited,Banking,Midcap,23.8,23.4,https://nsearchives.nseindia.com/corporate/xbrl/SHP_1489044_21072025051132_WEB.xml,2026-06-04T17:25:07+00:00
2025Q2,30-JUN-2025,IGL,Indraprastha Gas Limited,Oil & Gas,Midcap,16.82,23.99,https://nsearchives.nseindia.com/corporate/xbrl/SHP_1483008_15072025030411_WEB.xml,2026-06-04T17:25:12+00:00
2025Q2,30-JUN-2025,INDHOTEL,The Indian Hotels Company Limited,Hospitality,Nifty Next 50,27.18,18.52,https://nsearchives.nseindia.com/corporate/xbrl/SHP_1544490_10102025045226_WEB.xml,2026-05-22T16:52:38+00:00
2025Q2,30-JUN-2025,INDIANB,Indian Bank,Banking,Midcap,4.55,18.05,https://nsearchives.nseindia.com/corporate/xbrl/SHP_1484135_16072025030239_WEB.xml,2026-06-04T17:25:17+00:00
2025Q2,30-JUN-2025,INDIGO,InterGlobe Aviation Limited,Aviation,Nifty Next 50,27.31,24.09,https://nsearchives.nseindia.com/corporate/xbrl/SHP_1489299_21072025060733_WEB.xml,2026-05-22T16:52:46+00:00
2025Q2,30-JUN-2025,INDUSINDBK,IndusInd Bank Limited,Banking,Nifty 50,33.69,33.56,https://nsearchives.nseindia.com/corporate/xbrl/SHP_1597110_08012026092103_WEB.xml,2026-05-22T16:59:59+00:00
2025Q2,30-JUN-2025,INDUSTOWER,Indus Towers Limited,Telecom,Nifty Next 50,27.51,18.17,https://nsearchives.nseindia.com/corporate/xbrl/SHP_1489918_21072025101236_WEB.xml,2026-05-22T16:52:54+00:00
2025Q2,30-JUN-2025,INFY,Infosys Limited,IT,Nifty 50,31.92,39.6,https://nsearchives.nseindia.com/corporate/xbrl/SHP_1489786_21072025083959_WEB.xml,2026-05-22T17:00:07+00:00
2025Q2,30-JUN-2025,IOB,Indian Overseas Bank,Banking,Midcap,0.08,2.37,https://nsearchives.nseindia.com/corporate/xbrl/SHP_1481616_12072025043732_WEB.xml,2026-06-04T17:25:23+00:00
2025Q2,30-JUN-2025,IOC,Indian Oil Corporation Limited,Oil & Gas,Nifty Next 50,7.48,10.39,https://nsearchives.nseindia.com/corporate/xbrl/SHP_1485409_17072025035957_WEB.xml,2026-05-22T16:53:02+00:00
2025Q2,30-JUN-2025,IPCALAB,IPCA Laboratories Limited,Pharma,Midcap,10.67,36.2,https://nsearchives.nseindia.com/corporate/xbrl/SHP_1484242_16072025035108_WEB.xml,2026-06-04T17:25:28+00:00
2025Q2,30-JUN-2025,IRCTC,Indian Railway Catering And Tourism Corporation Limited,Consumer Services,Nifty Next 50,7.28,14.16,https://nsearchives.nseindia.com/corporate/xbrl/SHP_1481166_11072025060933_WEB.xml,2026-05-22T16:53:11+00:00
2025Q2,30-JUN-2025,IRFC,Indian Railway Finance Corporation Limited,Financial Services,Nifty Next 50,0.93,1.46,https://nsearchives.nseindia.com/corporate/xbrl/SHP_1488225_21072025102800_WEB.xml,2026-05-22T16:53:18+00:00
2025Q2,30-JUN-2025,ITC,ITC Limited,FMCG,Nifty 50,37.98,46.91,https://nsearchives.nseindia.com/corporate/xbrl/SHP_1494297_26072025120454_WEB.xml,2026-05-22T17:00:15+00:00
2025Q2,30-JUN-2025,JINDALSTEL,Jindal Steel & Power Limited,Metals,Nifty Next 50,9.76,18.09,https://nsearchives.nseindia.com/corporate/xbrl/SHP_1489286_21072025060352_WEB.xml,2026-05-22T16:53:26+00:00
2025Q2,30-JUN-2025,JIOFIN,Jio Financial Services Limited,Financial Services,Nifty Next 50,12.3,14.78,https://nsearchives.nseindia.com/corporate/xbrl/SHP_1489728_21072025081030_WEB.xml,2026-05-22T16:53:34+00:00
2025Q2,30-JUN-2025,JSL,Jindal Stainless Limited,Metals,Midcap,21.25,7.09,https://nsearchives.nseindia.com/corporate/xbrl/SHP_1489273_21072025060150_WEB.xml,2026-06-04T17:25:33+00:00
2025Q2,30-JUN-2025,JSWSTEEL,JSW Steel Limited,Metals,Nifty 50,25.43,10.92,https://nsearchives.nseindia.com/corporate/xbrl/SHP_1483663_15072025080353_WEB.xml,2026-05-22T17:00:24+00:00
2025Q2,30-JUN-2025,JUBLFOOD,Jubilant Foodworks Limited,Consumer Services,Midcap,21.05,32.51,https://nsearchives.nseindia.com/corporate/xbrl/SHP_1489926_21072025102431_WEB.xml,2026-06-04T17:25:38+00:00
2025Q2,30-JUN-2025,KOTAKBANK,Kotak Mahindra Bank Limited,Banking,Nifty 50,32.34,29.61,https://nsearchives.nseindia.com/corporate/xbrl/SHP_1483613_15072025072312_WEB.xml,2026-05-22T17:00:32+00:00
2025Q2,30-JUN-2025,KPITTECH,KPIT Technologies Limited,IT,Midcap,15.49,22.37,https://nsearchives.nseindia.com/corporate/xbrl/SHP_1603636_19012026095258_WEB.xml,2026-06-04T17:25:43+00:00
2025Q2,30-JUN-2025,LICHSGFIN,LIC Housing Finance Limited,Financial Services,Midcap,20.26,22.2,https://nsearchives.nseindia.com/corporate/xbrl/SHP_1485584_17072025052649_WEB.xml,2026-06-04T17:25:49+00:00
2025Q2,30-JUN-2025,LICI,Life Insurance Corporation Of India,Insurance,Nifty Next 50,0.11,1.37,https://nsearchives.nseindia.com/corporate/xbrl/SHP_1489040_21072025051029_WEB.xml,2026-05-22T16:53:42+00:00
2025Q2,30-JUN-2025,LODHA,Lodha Developers Limited,Realty,Nifty Next 50,24.89,2.2,https://nsearchives.nseindia.com/corporate/xbrl/SHP_1489425_21072025064125_WEB.xml,2026-05-22T16:53:50+00:00
2025Q2,30-JUN-2025,LT,Larsen & Toubro Limited,Infrastructure,Nifty 50,19.33,43.48,https://nsearchives.nseindia.com/corporate/xbrl/SHP_1488584_21072025021203_WEB.xml,2026-05-22T17:00:40+00:00
2025Q2,30-JUN-2025,LTF,L&T Finance Limited,Financial Services,Midcap,6.19,14.11,https://nsearchives.nseindia.com/corporate/xbrl/SHP_1480346_10072025061355_WEB.xml,2026-06-04T17:25:59+00:00
2025Q2,30-JUN-2025,LTTS,L&T Technology Services Limited,IT,Midcap,4.84,13.88,https://nsearchives.nseindia.com/corporate/xbrl/SHP_1489303_21072025060753_WEB.xml,2026-06-04T17:26:04+00:00
2025Q2,30-JUN-2025,LUPIN,Lupin Limited,Pharma,Midcap,21.25,25.56,https://nsearchives.nseindia.com/corporate/xbrl/SHP_1486998_18072025061900_WEB.xml,2026-06-04T17:25:54+00:00
2025Q2,30-JUN-2025,M&M,Mahindra & Mahindra Limited,Auto,Nifty 50,38.54,29.59,https://nsearchives.nseindia.com/corporate/xbrl/SHP_1489924_21072025102312_WEB.xml,2026-05-22T17:00:48+00:00
2025Q2,30-JUN-2025,M&MFIN,Mahindra & Mahindra Financial Services Limited,Financial Services,Midcap,9.34,32.33,https://nsearchives.nseindia.com/corporate/xbrl/SHP_1488256_21072025110515_WEB.xml,2026-06-04T17:26:09+00:00
2025Q2,30-JUN-2025,MARICO,Marico Limited,FMCG,Nifty Next 50,23.62,12.71,https://nsearchives.nseindia.com/corporate/xbrl/SHP_1521792_02092025075533_WEB.xml,2026-05-22T16:53:58+00:00
2025Q2,30-JUN-2025,MARUTI,Maruti Suzuki India Limited,Auto,Nifty 50,15.2,23.33,https://nsearchives.nseindia.com/corporate/xbrl/SHP_1488201_21072025094413_WEB.xml,2026-05-22T17:00:56+00:00
2025Q2,30-JUN-2025,MFSL,Max Financial Services Limited,Insurance,Midcap,44.72,47.29,https://nsearchives.nseindia.com/corporate/xbrl/SHP_1490229_22072025030725_WEB.xml,2026-06-04T17:26:15+00:00
2025Q2,30-JUN-2025,MGL,Mahanagar Gas Limited,Oil & Gas,Midcap,25.48,22.52,https://nsearchives.nseindia.com/corporate/xbrl/SHP_1481198_11072025062505_WEB.xml,2026-06-04T17:26:20+00:00
2025Q2,30-JUN-2025,MOTHERSON,Samvardhana Motherson International Limited,Auto,Nifty Next 50,12.62,20.74,https://nsearchives.nseindia.com/corporate/xbrl/SHP_1521421_02092025043118_WEB.xml,2026-05-22T16:54:06+00:00
2025Q2,30-JUN-2025,MOTILALOFS,Motilal Oswal Financial Services Limited,Financial Services,Midcap,7.29,5.44,https://nsearchives.nseindia.com/corporate/xbrl/SHP_1489895_21072025095545_WEB.xml,2026-06-04T17:26:26+00:00
2025Q2,30-JUN-2025,MPHASIS,MphasiS Limited,IT,Midcap,19.0,36.5,https://nsearchives.nseindia.com/corporate/xbrl/SHP_1489749_21072025082023_WEB.xml,2026-06-04T17:26:32+00:00
2025Q2,30-JUN-2025,MRF,MRF Limited,Auto,Midcap,18.67,11.67,https://nsearchives.nseindia.com/corporate/xbrl/SHP_1486122_18072025113237_WEB.xml,2026-06-04T17:26:37+00:00
2025Q2,30-JUN-2025,MUTHOOTFIN,Muthoot Finance Limited,Financial Services,Midcap,10.84,12.21,https://nsearchives.nseindia.com/corporate/xbrl/SHP_1515331_20082025061725_WEB.xml,2026-06-04T17:26:43+00:00
2025Q2,30-JUN-2025,NAM-INDIA,Nippon Life India Asset Management Limited,Financial Services,Midcap,7.6,13.45,https://nsearchives.nseindia.com/corporate/xbrl/SHP_1489349_21072025062200_WEB.xml,2026-06-04T17:26:49+00:00
2025Q2,30-JUN-2025,NAUKRI,Info Edge (India) Limited,Consumer Services,Nifty Next 50,32.99,19.02,https://nsearchives.nseindia.com/corporate/xbrl/SHP_1490147_22072025013024_WEB.xml,2026-05-22T16:54:14+00:00
2025Q2,30-JUN-2025,NESTLEIND,Nestle India Limited,FMCG,Nifty 50,10.29,11.18,https://nsearchives.nseindia.com/corporate/xbrl/SHP_1488122_19072025115820_WEB.xml,2026-05-22T17:01:04+00:00
2025Q2,30-JUN-2025,NHPC,NHPC Limited,Power,Nifty Next 50,9.31,10.65,https://nsearchives.nseindia.com/corporate/xbrl/SHP_1485034_17072025120254_WEB.xml,2026-05-22T16:54:22+00:00
2025Q2,30-JUN-2025,NMDC,NMDC Limited,Mining,Nifty Next 50,12.21,14.48,https://nsearchives.nseindia.com/corporate/xbrl/SHP_1486555_18072025040757_WEB.xml,2026-05-22T16:54:31+00:00
2025Q2,30-JUN-2025,NTPC,NTPC Limited,Power,Nifty 50,16.09,28.92,https://nsearchives.nseindia.com/corporate/xbrl/SHP_1485605_17072025053253_WEB.xml,2026-05-22T17:01:13+00:00
2025Q2,30-JUN-2025,NYKAA,FSN E-Commerce Ventures Limited,Consumer Services,Midcap,11.64,23.65,https://nsearchives.nseindia.com/corporate/xbrl/SHP_1497890_30072025044019_WEB.xml,2026-06-04T17:26:54+00:00
2025Q2,30-JUN-2025,OBEROIRLTY,Oberoi Realty Limited,Realty,Midcap,19.36,10.8,https://nsearchives.nseindia.com/corporate/xbrl/SHP_1485109_17072025125658_WEB.xml,2026-06-04T17:26:59+00:00
2025Q2,30-JUN-2025,OFSS,Oracle Financial Services Software Limited,IT,Midcap,8.55,8.49,https://nsearchives.nseindia.com/corporate/xbrl/SHP_1486442_18072025030922_WEB.xml,2026-06-04T17:27:05+00:00
2025Q2,30-JUN-2025,ONGC,Oil & Natural Gas Corporation Limited,Oil & Gas,Nifty 50,7.09,19.85,https://nsearchives.nseindia.com/corporate/xbrl/SHP_1486635_18072025043443_WEB.xml,2026-05-22T17:01:21+00:00
2025Q2,30-JUN-2025,PAGEIND,Page Industries Limited,Textiles,Midcap,24.03,28.49,https://nsearchives.nseindia.com/corporate/xbrl/SHP_1483818_16072025112344_WEB.xml,2026-06-04T17:27:11+00:00
2025Q2,30-JUN-2025,PATANJALI,Patanjali Foods Limited,FMCG,Midcap,12.99,11.23,https://nsearchives.nseindia.com/corporate/xbrl/SHP_1488398_21072025123319_WEB.xml,2026-06-04T17:27:16+00:00
2025Q2,30-JUN-2025,PAYTM,One 97 Communications Limited,Financial Services,Midcap,54.87,15.83,https://nsearchives.nseindia.com/corporate/xbrl/SHP_1481625_12072025045327_WEB.xml,2026-06-04T17:27:21+00:00
2025Q2,30-JUN-2025,PEL,Piramal Enterprises Limited,Financial Services,Midcap,15.23,15.19,https://nsearchives.nseindia.com/corporate/xbrl/SHP_1489779_21072025083519_WEB.xml,2026-06-04T17:27:24+00:00
2025Q2,30-JUN-2025,PERSISTENT,Persistent Systems Limited,IT,Midcap,24.19,27.78,https://nsearchives.nseindia.com/corporate/xbrl/SHP_1488148_20072025022554_WEB.xml,2026-06-04T17:27:33+00:00
2025Q2,30-JUN-2025,PETRONET,Petronet LNG Limited,Oil & Gas,Midcap,29.04,10.86,https://nsearchives.nseindia.com/corporate/xbrl/SHP_1488159_20072025045628_WEB.xml,2026-06-04T17:27:39+00:00
2025Q2,30-JUN-2025,PFC,Power Finance Corporation Limited,Financial Services,Nifty Next 50,18.66,16.12,https://nsearchives.nseindia.com/corporate/xbrl/SHP_1488894_21072025042218_WEB.xml,2026-05-22T16:54:39+00:00
2025Q2,30-JUN-2025,PHOENIXLTD,The Phoenix Mills Limited,Realty,Midcap,36.28,12.72,https://nsearchives.nseindia.com/corporate/xbrl/SHP_1487125_18072025065647_WEB.xml,2026-06-04T17:27:44+00:00
2025Q2,30-JUN-2025,PIDILITIND,Pidilite Industries Limited,Chemicals,Nifty Next 50,12.13,9.15,https://nsearchives.nseindia.com/corporate/xbrl/SHP_1486847_18072025053738_WEB.xml,2026-05-22T16:54:47+00:00
2025Q2,30-JUN-2025,PIIND,PI Industries Limited,Chemicals,Midcap,16.97,29.35,https://nsearchives.nseindia.com/corporate/xbrl/SHP_1488357_21072025121853_WEB.xml,2026-06-04T17:27:49+00:00
2025Q2,30-JUN-2025,PNB,Punjab National Bank,Banking,Midcap,5.52,15.07,https://nsearchives.nseindia.com/corporate/xbrl/SHP_1482521_14072025072238_WEB.xml,2026-06-04T17:27:54+00:00
2025Q2,30-JUN-2025,POLICYBZR,PB Fintech Limited,Financial Services,Midcap,46.78,23.28,https://nsearchives.nseindia.com/corporate/xbrl/SHP_1485813_17072025065455_WEB.xml,2026-06-04T17:28:00+00:00
2025Q2,30-JUN-2025,POLYCAB,Polycab India Limited,Consumer Durables,Midcap,11.44,11.6,https://nsearchives.nseindia.com/corporate/xbrl/SHP_1594856_05012026122600_WEB.xml,2026-06-04T17:28:05+00:00
2025Q2,30-JUN-2025,POWERGRID,Power Grid Corporation of India Limited,Power,Nifty 50,26.51,18.55,https://nsearchives.nseindia.com/corporate/xbrl/SHP_1487941_19072025055006_WEB.xml,2026-05-22T17:01:29+00:00
2025Q2,30-JUN-2025,PRESTIGE,Prestige Estates Projects Limited,Realty,Midcap,16.65,19.64,https://nsearchives.nseindia.com/corporate/xbrl/SHP_1489598_21072025072732_WEB.xml,2026-06-04T17:28:11+00:00
2025Q2,30-JUN-2025,RECLTD,REC Limited,Financial Services,Nifty Next 50,19.16,15.5,https://nsearchives.nseindia.com/corporate/xbrl/SHP_1487840_19072025045128_WEB.xml,2026-05-22T16:54:55+00:00
2025Q2,30-JUN-2025,RELIANCE,Reliance Industries Limited,Conglomerate,Nifty 50,19.21,19.8,https://nsearchives.nseindia.com/corporate/xbrl/SHP_1489727_21072025081003_WEB.xml,2026-05-22T17:01:37+00:00
2025Q2,30-JUN-2025,RVNL,Rail Vikas Nigam Limited,Infrastructure,Midcap,4.89,6.38,https://nsearchives.nseindia.com/corporate/xbrl/SHP_1487076_18072025063916_WEB.xml,2026-06-04T17:28:16+00:00
2025Q2,30-JUN-2025,SAIL,Steel Authority of India Limited,Metals,Midcap,3.65,17.31,https://nsearchives.nseindia.com/corporate/xbrl/SHP_1488952_21072025044055_WEB.xml,2026-06-04T17:28:22+00:00
2025Q2,30-JUN-2025,SBICARD,SBI Cards and Payment Services Limited,Financial Services,Nifty Next 50,10.22,17.51,https://nsearchives.nseindia.com/corporate/xbrl/SHP_1488518_21072025013309_WEB.xml,2026-05-22T16:55:03+00:00
2025Q2,30-JUN-2025,SBILIFE,SBI Life Insurance Company Limited,Insurance,Nifty 50,22.34,18.24,https://nsearchives.nseindia.com/corporate/xbrl/SHP_1580775_28112025023206_WEB.xml,2026-05-22T17:01:46+00:00
2025Q2,30-JUN-2025,SBIN,State Bank of India,Banking,Nifty 50,9.33,25.67,https://nsearchives.nseindia.com/corporate/xbrl/SHP_1486138_18072025114806_WEB.xml,2026-05-22T17:01:54+00:00
2025Q2,30-JUN-2025,SHREECEM,SHREE CEMENT LIMITED,Cement,Nifty Next 50,10.07,14.89,https://nsearchives.nseindia.com/corporate/xbrl/SHP_1485655_17072025054900_WEB.xml,2026-05-22T16:55:11+00:00
2025Q2,30-JUN-2025,SHRIRAMFIN,Shriram Finance Limited,Financial Services,Nifty Next 50,52.62,16.33,https://nsearchives.nseindia.com/corporate/xbrl/SHP_1487212_18072025074503_WEB.xml,2026-05-22T16:55:19+00:00
2025Q2,30-JUN-2025,SIEMENS,Siemens Limited,Capital Goods,Nifty Next 50,7.66,7.25,https://nsearchives.nseindia.com/corporate/xbrl/SHP_1489295_21072025060659_WEB.xml,2026-05-22T16:55:27+00:00
2025Q2,30-JUN-2025,SOLARINDS,Solar Industries India Limited,Chemicals,Midcap,6.79,13.59,https://nsearchives.nseindia.com/corporate/xbrl/SHP_1480913_11072025040231_WEB.xml,2026-06-04T17:28:28+00:00
2025Q2,30-JUN-2025,SONACOMS,Sona BLW Precision Forgings Limited,Auto,Midcap,29.75,34.59,https://nsearchives.nseindia.com/corporate/xbrl/SHP_1486429_18072025025910_WEB.xml,2026-06-04T17:28:34+00:00
2025Q2,30-JUN-2025,SRF,SRF Limited,Chemicals,Midcap,18.23,18.85,https://nsearchives.nseindia.com/corporate/xbrl/SHP_1486175_18072025120620_WEB.xml,2026-06-04T17:28:40+00:00
2025Q2,30-JUN-2025,SUNDARMFIN,Sundaram Finance Limited,Financial Services,Midcap,18.81,7.82,https://nsearchives.nseindia.com/corporate/xbrl/SHP_1484419_16072025050528_WEB.xml,2026-06-04T17:28:46+00:00
2025Q2,30-JUN-2025,SUNPHARMA,Sun Pharmaceutical Industries Limited,Pharma,Nifty 50,17.26,19.5,https://nsearchives.nseindia.com/corporate/xbrl/SHP_1489053_21072025051303_WEB.xml,2026-05-22T17:02:03+00:00
2025Q2,30-JUN-2025,SUPREMEIND,Supreme Industries Limited,Consumer Durables,Midcap,21.94,14.6,https://nsearchives.nseindia.com/corporate/xbrl/SHP_1482054_14072025032909_WEB.xml,2026-06-04T17:28:51+00:00
2025Q2,30-JUN-2025,SUZLON,Suzlon Energy Limited,Power,Midcap,23.03,10.17,https://nsearchives.nseindia.com/corporate/xbrl/SHP_1486359_18072025022004_WEB.xml,2026-06-04T17:28:57+00:00
2025Q2,30-JUN-2025,SWIGGY,Swiggy Limited,Consumer Services,Nifty Next 50,7.37,13.54,https://nsearchives.nseindia.com/corporate/xbrl/SHP_1486156_18072025115943_WEB.xml,2026-05-22T16:55:36+00:00
2025Q2,30-JUN-2025,SYNGENE,Syngene International Limited,Pharma,Midcap,16.5,24.05,https://nsearchives.nseindia.com/corporate/xbrl/SHP_1488186_21072025121607_WEB.xml,2026-06-04T17:29:02+00:00
2025Q2,30-JUN-2025,TATACHEM,Tata Chemicals Limited,Chemicals,Midcap,12.84,22.62,https://nsearchives.nseindia.com/corporate/xbrl/SHP_1489708_21072025080325_WEB.xml,2026-06-04T17:29:08+00:00
2025Q2,30-JUN-2025,TATACOMM,Tata Communications Limited,Telecom,Midcap,17.16,14.83,https://nsearchives.nseindia.com/corporate/xbrl/SHP_1550313_16102025042014_WEB.xml,2026-06-04T17:29:14+00:00
2025Q2,30-JUN-2025,TATACONSUM,TATA CONSUMER PRODUCTS LIMITED,FMCG,Nifty 50,21.96,22.03,https://nsearchives.nseindia.com/corporate/xbrl/SHP_1489928_21072025102812_WEB.xml,2026-05-22T17:02:11+00:00
2025Q2,30-JUN-2025,TATAELXSI,Tata Elxsi Limited,IT,Midcap,12.74,9.8,https://nsearchives.nseindia.com/corporate/xbrl/SHP_1489791_21072025084139_WEB.xml,2026-06-04T17:29:19+00:00
2025Q2,30-JUN-2025,TATAPOWER,Tata Power Company Limited,Power,Nifty Next 50,10.06,16.27,https://nsearchives.nseindia.com/corporate/xbrl/SHP_1489813_21072025085405_WEB.xml,2026-05-22T16:55:44+00:00
2025Q2,30-JUN-2025,TATASTEEL,Tata Steel Limited,Metals,Nifty 50,17.72,26.25,https://nsearchives.nseindia.com/corporate/xbrl/SHP_1489780_21072025083548_WEB.xml,2026-05-22T17:02:20+00:00
2025Q2,30-JUN-2025,TCS,Tata Consultancy Services Limited,IT,Nifty 50,11.47,12.01,https://nsearchives.nseindia.com/corporate/xbrl/SHP_1489819_21072025085729_WEB.xml,2026-05-22T17:02:28+00:00
2025Q2,30-JUN-2025,TECHM,Tech Mahindra Limited,IT,Nifty 50,23.28,32.13,https://nsearchives.nseindia.com/corporate/xbrl/SHP_1489460_21072025064930_WEB.xml,2026-05-22T17:02:37+00:00
2025Q2,30-JUN-2025,TIINDIA,Tube Investments of India Limited,Auto,Midcap,26.31,16.79,https://nsearchives.nseindia.com/corporate/xbrl/SHP_1488762_21072025033634_WEB.xml,2026-06-04T17:29:25+00:00
2025Q2,30-JUN-2025,TITAN,Titan Company Limited,Consumer Goods,Nifty 50,17.54,12.78,https://nsearchives.nseindia.com/corporate/xbrl/SHP_1490050_22072025114302_WEB.xml,2026-05-22T17:02:45+00:00
2025Q2,30-JUN-2025,TORNTPHARM,Torrent Pharmaceuticals Limited,Pharma,Midcap,16.09,8.65,https://nsearchives.nseindia.com/corporate/xbrl/SHP_1488083_19072025090817_WEB.xml,2026-06-04T17:29:30+00:00
2025Q2,30-JUN-2025,TORNTPOWER,Torrent Power Limited,Power,Midcap,9.8,21.42,https://nsearchives.nseindia.com/corporate/xbrl/SHP_1486305_18072025013027_WEB.xml,2026-06-04T17:29:35+00:00
2025Q2,30-JUN-2025,TRENT,Trent Limited,Retail,Nifty Next 50,18.39,18.54,https://nsearchives.nseindia.com/corporate/xbrl/SHP_1488593_21072025021918_WEB.xml,2026-05-22T16:55:52+00:00
2025Q2,30-JUN-2025,TVSMOTOR,TVS Motor Company Limited,Auto,Nifty Next 50,22.42,18.81,https://nsearchives.nseindia.com/corporate/xbrl/SHP_1488524_21072025013528_WEB.xml,2026-06-04T18:22:16+00:00
2025Q2,30-JUN-2025,ULTRACEMCO,UltraTech Cement Limited,Cement,Nifty 50,15.72,16.85,https://nsearchives.nseindia.com/corporate/xbrl/SHP_1489411_21072025063712_WEB.xml,2026-05-22T17:02:53+00:00
2025Q2,30-JUN-2025,UNIONBANK,Union Bank of India,Banking,Midcap,7.7,11.94,https://nsearchives.nseindia.com/corporate/xbrl/SHP_1487849_19072025045434_WEB.xml,2026-06-04T17:29:41+00:00
2025Q2,30-JUN-2025,UNITDSPR,United Spirits Limited,FMCG,Nifty Next 50,15.04,14.4,https://nsearchives.nseindia.com/corporate/xbrl/SHP_1489765_21072025082543_WEB.xml,2026-06-04T18:22:22+00:00
2025Q2,30-JUN-2025,UPL,UPL Limited,Chemicals,Nifty 50,37.82,18.1,https://nsearchives.nseindia.com/corporate/xbrl/SHP_1487381_19072025101356_WEB.xml,2026-05-22T17:03:02+00:00
2025Q2,30-JUN-2025,VBL,Varun Beverages Limited,FMCG,Nifty Next 50,21.85,10.52,https://nsearchives.nseindia.com/corporate/xbrl/SHP_1487457_19072025115017_WEB.xml,2026-06-04T18:22:27+00:00
2025Q2,30-JUN-2025,VEDL,Vedanta Limited,Metals,Nifty Next 50,10.6,16.47,https://nsearchives.nseindia.com/corporate/xbrl/SHP_1487751_19072025034528_WEB.xml,2026-06-04T18:22:32+00:00
2025Q2,30-JUN-2025,VOLTAS,Voltas Limited,Consumer Durables,Midcap,21.16,33.36,https://nsearchives.nseindia.com/corporate/xbrl/SHP_201231_13920_23072025084147_WEB.xml,2026-06-04T17:29:46+00:00
2025Q2,30-JUN-2025,WIPRO,Wipro Limited,IT,Nifty 50,10.91,7.77,https://nsearchives.nseindia.com/corporate/xbrl/SHP_1481700_12072025083419_WEB.xml,2026-05-22T17:03:10+00:00
2025Q2,30-JUN-2025,YESBANK,Yes Bank Limited,Banking,Midcap,24.95,40.27,https://nsearchives.nseindia.com/corporate/xbrl/SHP_1571234_11112025052134_WEB.xml,2026-05-22T16:49:21+00:00
2025Q2,30-JUN-2025,ZEEL,Zee Entertainment Enterprises Limited,Media,Midcap,24.81,16.86,https://nsearchives.nseindia.com/corporate/xbrl/SHP_1489715_21072025080541_WEB.xml,2026-05-22T16:49:29+00:00
2025Q2,30-JUN-2025,ZYDUSLIFE,Zydus Lifesciences Limited,Pharma,Nifty Next 50,7.13,11.13,https://nsearchives.nseindia.com/corporate/xbrl/SHP_1486251_18072025010100_WEB.xml,2026-06-04T18:22:38+00:00
2025Q3,30-SEP-2025,ABB,ABB India Limited,Capital Goods,Nifty Next 50,8.29,8.31,https://nsearchives.nseindia.com/corporate/xbrl/SHP_1547038_14102025114654_WEB.xml,2026-05-22T16:49:35+00:00
2025Q3,30-SEP-2025,ABCAPITAL,Aditya Birla Capital Limited,Financial Services,Midcap,6.78,12.83,https://nsearchives.nseindia.com/corporate/xbrl/SHP_1554521_20102025065945_WEB.xml,2026-06-04T17:22:06+00:00
2025Q3,30-SEP-2025,ABFRL,Aditya Birla Fashion and Retail Limited,Retail,Midcap,18.63,8.07,https://nsearchives.nseindia.com/corporate/xbrl/SHP_1551314_17102025124300_WEB.xml,2026-06-04T17:22:11+00:00
2025Q3,30-SEP-2025,ACC,ACC Limited,Cement,Midcap,5.05,22.55,https://nsearchives.nseindia.com/corporate/xbrl/SHP_1543682_09102025060804_WEB.xml,2026-06-04T17:22:17+00:00
2025Q3,30-SEP-2025,ADANIENT,Adani Enterprises Limited,Conglomerate,Nifty 50,11.72,6.83,https://nsearchives.nseindia.com/corporate/xbrl/SHP_1544919_10102025115803_WEB.xml,2026-06-04T18:22:42+00:00
2025Q3,30-SEP-2025,ADANIGREEN,Adani Green Energy Limited,Power,Nifty Next 50,11.29,2.98,https://nsearchives.nseindia.com/corporate/xbrl/SHP_1543153_09102025014413_WEB.xml,2026-05-22T16:49:44+00:00
2025Q3,30-SEP-2025,ADANIPORTS,Adani Ports and Special Economic Zone Limited,Infrastructure,Nifty 50,13.61,15.03,https://nsearchives.nseindia.com/corporate/xbrl/SHP_1544115_10102025011529_WEB.xml,2026-06-04T18:22:47+00:00
2025Q3,30-SEP-2025,ADANIPOWER,Adani Power Limited,Power,Nifty Next 50,11.53,2.69,https://nsearchives.nseindia.com/corporate/xbrl/SHP_1544753_10102025064418_WEB.xml,2026-05-22T16:49:52+00:00
2025Q3,30-SEP-2025,ALKEM,Alkem Laboratories Limited,Pharma,Midcap,9.48,21.93,https://nsearchives.nseindia.com/corporate/xbrl/SHP_1548946_15102025042935_WEB.xml,2026-06-04T17:22:22+00:00
2025Q3,30-SEP-2025,AMBUJACEM,Ambuja Cements Limited,Cement,Nifty Next 50,5.91,19.63,https://nsearchives.nseindia.com/corporate/xbrl/SHP_1545046_11102025122405_WEB.xml,2026-05-22T16:50:00+00:00
2025Q3,30-SEP-2025,APLAPOLLO,APL Apollo Tubes Limited,Metals,Midcap,33.72,18.91,https://nsearchives.nseindia.com/corporate/xbrl/SHP_1551886_17102025040159_WEB.xml,2026-06-04T17:22:27+00:00
2025Q3,30-SEP-2025,APOLLOHOSP,Apollo Hospitals Enterprise Limited,Healthcare,Nifty 50,44.2,21.12,https://nsearchives.nseindia.com/corporate/xbrl/SHP_1574387_13112025091028_WEB.xml,2026-06-04T18:22:52+00:00
2025Q3,30-SEP-2025,ASHOKLEY,Ashok Leyland Limited,Auto,Midcap,24.32,13.59,https://nsearchives.nseindia.com/corporate/xbrl/SHP_1552068_17102025044745_WEB.xml,2026-06-04T17:22:32+00:00
2025Q3,30-SEP-2025,ASIANPAINT,Asian Paints Limited,Consumer Goods,Nifty 50,11.64,21.58,https://nsearchives.nseindia.com/corporate/xbrl/SHP_1553918_18102025094214_WEB.xml,2026-06-04T18:22:58+00:00
2025Q3,30-SEP-2025,ASTRAL,Astral Limited,Consumer Durables,Midcap,16.61,17.79,https://nsearchives.nseindia.com/corporate/xbrl/SHP_1550677_16102025061055_WEB.xml,2026-06-04T17:22:38+00:00
2025Q3,30-SEP-2025,ATGL,Adani Total Gas Limited,Oil & Gas,Nifty Next 50,12.88,6.24,https://nsearchives.nseindia.com/corporate/xbrl/SHP_1545201_11102025032748_WEB.xml,2026-05-22T16:50:09+00:00
2025Q3,30-SEP-2025,AUBANK,AU Small Finance Bank Limited,Banking,Midcap,34.49,31.9,https://nsearchives.nseindia.com/corporate/xbrl/SHP_1553627_18102025045206_WEB.xml,2026-06-04T17:22:43+00:00
2025Q3,30-SEP-2025,AUROPHARMA,Aurobindo Pharma Limited,Pharma,Midcap,14.21,27.6,https://nsearchives.nseindia.com/corporate/xbrl/SHP_1546245_13102025043353_WEB.xml,2026-06-04T17:22:49+00:00
2025Q3,30-SEP-2025,AXISBANK,Axis Bank Limited,Banking,Nifty 50,41.89,42.88,https://nsearchives.nseindia.com/corporate/xbrl/SHP_1544329_10102025033704_WEB.xml,2026-06-04T18:23:03+00:00
2025Q3,30-SEP-2025,BAJAJ-AUTO,Bajaj Auto Limited,Auto,Nifty 50,9.66,12.78,https://nsearchives.nseindia.com/corporate/xbrl/SHP_1607317_21012026053142_WEB.xml,2026-06-04T18:23:08+00:00
2025Q3,30-SEP-2025,BAJAJFINSV,Bajaj Finserv Limited,Financial Services,Nifty 50,8.11,10.49,https://nsearchives.nseindia.com/corporate/xbrl/SHP_1553970_18102025112716_WEB.xml,2026-06-04T18:23:18+00:00
2025Q3,30-SEP-2025,BAJAJHLDNG,Bajaj Holdings & Investment Limited,Financial Services,Nifty Next 50,10.33,7.31,https://nsearchives.nseindia.com/corporate/xbrl/SHP_1552727_17102025071320_WEB.xml,2026-05-22T16:50:17+00:00
2025Q3,30-SEP-2025,BAJFINANCE,Bajaj Finance Limited,Financial Services,Nifty 50,21.97,14.47,https://nsearchives.nseindia.com/corporate/xbrl/SHP_1553656_18102025050009_WEB.xml,2026-06-04T18:23:13+00:00
2025Q3,30-SEP-2025,BALKRISIND,Balkrishna Industries Limited,Auto,Midcap,10.7,24.69,https://nsearchives.nseindia.com/corporate/xbrl/SHP_1548469_15102025121625_WEB.xml,2026-06-04T17:22:54+00:00
2025Q3,30-SEP-2025,BANKBARODA,Bank of Baroda,Banking,Nifty Next 50,8.71,19.01,https://nsearchives.nseindia.com/corporate/xbrl/SHP_1543420_09102025041216_WEB.xml,2026-05-22T16:50:25+00:00
2025Q3,30-SEP-2025,BEL,Bharat Electronics Limited,Defence,Nifty Next 50,18.15,20.88,https://nsearchives.nseindia.com/corporate/xbrl/SHP_1552076_17102025045002_WEB.xml,2026-05-22T16:50:34+00:00
2025Q3,30-SEP-2025,BERGEPAINT,Berger Paints (I) Limited,Consumer Goods,Midcap,5.35,10.71,https://nsearchives.nseindia.com/corporate/xbrl/SHP_1554249_20102025114524_WEB.xml,2026-06-04T17:23:00+00:00
2025Q3,30-SEP-2025,BHARATFORG,Bharat Forge Limited,Auto,Midcap,13.62,32.26,https://nsearchives.nseindia.com/corporate/xbrl/SHP_1547159_14102025123939_WEB.xml,2026-06-04T17:23:05+00:00
2025Q3,30-SEP-2025,BHARTIARTL,Bharti Airtel Limited,Telecom,Nifty 50,27.42,19.51,https://nsearchives.nseindia.com/corporate/xbrl/SHP_1554580_20102025114942_WEB.xml,2026-06-04T18:23:28+00:00
2025Q3,30-SEP-2025,BHEL,Bharat Heavy Electricals Limited,Capital Goods,Midcap,6.23,18.62,https://nsearchives.nseindia.com/corporate/xbrl/SHP_1544078_10102025125455_WEB.xml,2026-06-04T17:23:10+00:00
2025Q3,30-SEP-2025,BIOCON,Biocon Limited,Pharma,Midcap,6.61,22.1,https://nsearchives.nseindia.com/corporate/xbrl/SHP_1580750_28112025011601_WEB.xml,2026-06-04T17:23:15+00:00
2025Q3,30-SEP-2025,BOSCHLTD,Bosch Limited,Auto,Nifty Next 50,7.13,15.08,https://nsearchives.nseindia.com/corporate/xbrl/SHP_1549430_15102025072048_WEB.xml,2026-05-22T16:50:42+00:00
2025Q3,30-SEP-2025,BPCL,Bharat Petroleum Corporation Limited,Oil & Gas,Nifty 50,16.53,21.3,https://nsearchives.nseindia.com/corporate/xbrl/SHP_1549661_16102025105342_WEB.xml,2026-06-04T18:23:23+00:00
2025Q3,30-SEP-2025,BRITANNIA,Britannia Industries Limited,FMCG,Nifty 50,15.02,19.39,https://nsearchives.nseindia.com/corporate/xbrl/SHP_1555046_21102025082217_WEB.xml,2026-06-04T18:23:33+00:00
2025Q3,30-SEP-2025,BSE,BSE Limited,Financial Services,Midcap,16.25,19.91,https://nsearchives.nseindia.com/corporate/xbrl/SHP_1550037_16102025024345_WEB.xml,2026-06-04T17:23:21+00:00
2025Q3,30-SEP-2025,CAMS,Computer Age Management Services Limited,Financial Services,Midcap,46.9,20.76,https://nsearchives.nseindia.com/corporate/xbrl/SHP_1574430_13112025093326_WEB.xml,2026-06-04T17:23:26+00:00
2025Q3,30-SEP-2025,CANBK,Canara Bank,Banking,Midcap,11.9,12.24,https://nsearchives.nseindia.com/corporate/xbrl/SHP_1541052_04102025011512_WEB.xml,2026-06-04T17:23:32+00:00
2025Q3,30-SEP-2025,CGCL,Capri Global Capital Limited,Financial Services,Midcap,4.83,20.29,https://nsearchives.nseindia.com/corporate/xbrl/SHP_1621377_09022026011844_WEB.xml,2026-06-04T17:23:37+00:00
2025Q3,30-SEP-2025,CGPOWER,CG Power and Industrial Solutions Limited,Capital Goods,Nifty Next 50,13.02,16.26,https://nsearchives.nseindia.com/corporate/xbrl/SHP_1550578_16102025053735_WEB.xml,2026-05-22T16:50:58+00:00
2025Q3,30-SEP-2025,CHOLAFIN,Cholamandalam Investment and Finance Company Limited,Financial Services,Nifty Next 50,26.85,17.27,https://nsearchives.nseindia.com/corporate/xbrl/SHP_1555048_21102025082848_WEB.xml,2026-05-22T16:50:50+00:00
2025Q3,30-SEP-2025,CIPLA,Cipla Limited,Pharma,Nifty 50,24.55,30.25,https://nsearchives.nseindia.com/corporate/xbrl/SHP_1555036_21102025075059_WEB.xml,2026-06-04T18:23:38+00:00
2025Q3,30-SEP-2025,COALINDIA,Coal India Limited,Mining,Nifty 50,7.96,22.8,https://nsearchives.nseindia.com/corporate/xbrl/SHP_1544164_10102025020648_WEB.xml,2026-06-03T19:34:29+00:00
2025Q3,30-SEP-2025,COFORGE,Coforge Limited,IT,Midcap,34.09,54.87,https://nsearchives.nseindia.com/corporate/xbrl/SHP_1555003_21102025063707_WEB.xml,2026-06-04T17:23:43+00:00
2025Q3,30-SEP-2025,COLPAL,Colgate Palmolive (India) Limited,FMCG,Midcap,17.16,12.23,https://nsearchives.nseindia.com/corporate/xbrl/SHP_1545925_13102025023744_WEB.xml,2026-06-04T17:23:48+00:00
2025Q3,30-SEP-2025,CONCOR,Container Corporation of India Limited,Logistics,Midcap,12.37,25.81,https://nsearchives.nseindia.com/corporate/xbrl/SHP_1551568_17102025023916_WEB.xml,2026-06-04T17:23:53+00:00
2025Q3,30-SEP-2025,COROMANDEL,Coromandel International Limited,Chemicals,Midcap,14.51,15.79,https://nsearchives.nseindia.com/corporate/xbrl/SHP_1634498_11032026123714_WEB.xml,2026-06-04T17:23:58+00:00
2025Q3,30-SEP-2025,CUMMINSIND,Cummins India Limited,Capital Goods,Midcap,18.35,21.83,https://nsearchives.nseindia.com/corporate/xbrl/SHP_1554523_20102025070926_WEB.xml,2026-06-04T17:24:03+00:00
2025Q3,30-SEP-2025,DABUR,Dabur India Limited,FMCG,Nifty Next 50,10.89,17.39,https://nsearchives.nseindia.com/corporate/xbrl/SHP_1552307_17102025054555_WEB.xml,2026-05-22T16:51:06+00:00
2025Q3,30-SEP-2025,DEEPAKNTR,Deepak Nitrite Limited,Chemicals,Midcap,6.21,22.7,https://nsearchives.nseindia.com/corporate/xbrl/SHP_1554585_21102025120231_WEB.xml,2026-06-04T17:24:09+00:00
2025Q3,30-SEP-2025,DIVISLAB,Divi's Laboratories Limited,Pharma,Nifty 50,19.39,19.76,https://nsearchives.nseindia.com/corporate/xbrl/SHP_1545060_11102025123909_WEB.xml,2026-05-22T16:58:27+00:00
2025Q3,30-SEP-2025,DIXON,Dixon Technologies (India) Limited,Consumer Durables,Midcap,20.69,28.94,https://nsearchives.nseindia.com/corporate/xbrl/SHP_1551590_17102025024833_WEB.xml,2026-06-04T17:24:14+00:00
2025Q3,30-SEP-2025,DLF,DLF Limited,Realty,Nifty Next 50,15.45,5.21,https://nsearchives.nseindia.com/corporate/xbrl/SHP_1552749_17102025071929_WEB.xml,2026-05-22T16:51:14+00:00
2025Q3,30-SEP-2025,DMART,Avenue Supermarts Limited,Retail,Nifty Next 50,8.73,9.08,https://nsearchives.nseindia.com/corporate/xbrl/SHP_1552650_17102025065518_WEB.xml,2026-05-22T16:51:22+00:00
2025Q3,30-SEP-2025,DRREDDY,Dr. Reddy's Laboratories Limited,Pharma,Nifty 50,35.52,27.98,https://nsearchives.nseindia.com/corporate/xbrl/SHP_1549860_16102025125032_WEB.xml,2026-05-22T16:58:36+00:00
2025Q3,30-SEP-2025,EICHERMOT,Eicher Motors Limited,Auto,Nifty 50,26.98,14.72,https://nsearchives.nseindia.com/corporate/xbrl/SHP_1551806_17102025034303_WEB.xml,2026-05-22T16:58:44+00:00
2025Q3,30-SEP-2025,ESCORTS,Escorts Kubota Limited,Capital Goods,Midcap,5.27,11.8,https://nsearchives.nseindia.com/corporate/xbrl/SHP_1545073_11102025125402_WEB.xml,2026-06-04T17:24:19+00:00
2025Q3,30-SEP-2025,EXIDEIND,Exide Industries Limited,Auto,Midcap,10.88,18.46,https://nsearchives.nseindia.com/corporate/xbrl/SHP_1547431_14102025031847_WEB.xml,2026-06-04T17:24:24+00:00
2025Q3,30-SEP-2025,FEDERALBNK,The Federal Bank  Limited,Banking,Midcap,25.54,49.71,https://nsearchives.nseindia.com/corporate/xbrl/SHP_1550545_16102025052741_WEB.xml,2026-06-04T17:24:29+00:00
2025Q3,30-SEP-2025,GAIL,GAIL (India) Limited,Oil & Gas,Nifty Next 50,13.72,19.98,https://nsearchives.nseindia.com/corporate/xbrl/SHP_1548653_15102025022314_WEB.xml,2026-05-22T16:51:30+00:00
2025Q3,30-SEP-2025,GLAND,Gland Pharma Limited,Pharma,Midcap,7.91,32.64,https://nsearchives.nseindia.com/corporate/xbrl/SHP_1548526_15102025124130_WEB.xml,2026-06-04T17:24:34+00:00
2025Q3,30-SEP-2025,GODREJCP,Godrej Consumer Products Limited,FMCG,Nifty Next 50,18.24,13.58,https://nsearchives.nseindia.com/corporate/xbrl/SHP_1581625_01122025050007_WEB.xml,2026-05-22T16:51:38+00:00
2025Q3,30-SEP-2025,GODREJPROP,Godrej Properties Limited,Realty,Midcap,28.31,10.43,https://nsearchives.nseindia.com/corporate/xbrl/SHP_1549172_15102025053458_WEB.xml,2026-06-04T17:24:40+00:00
2025Q3,30-SEP-2025,GRASIM,Grasim Industries Limited,Cement,Nifty 50,16.56,17.28,https://nsearchives.nseindia.com/corporate/xbrl/SHP_1631877_02032026061056_WEB.xml,2026-05-22T16:58:52+00:00
2025Q3,30-SEP-2025,HAL,Hindustan Aeronautics Limited,Defence,Nifty Next 50,12.0,8.71,https://nsearchives.nseindia.com/corporate/xbrl/SHP_1547117_14102025121910_WEB.xml,2026-05-22T16:51:47+00:00
2025Q3,30-SEP-2025,HAVELLS,Havells India Limited,Consumer Durables,Nifty Next 50,19.28,15.52,https://nsearchives.nseindia.com/corporate/xbrl/SHP_1545188_11102025031810_WEB.xml,2026-05-22T16:51:55+00:00
2025Q3,30-SEP-2025,HCLTECH,HCL Technologies Limited,IT,Nifty 50,16.64,17.84,https://nsearchives.nseindia.com/corporate/xbrl/SHP_1552479_17102025062028_WEB.xml,2026-05-22T16:59:00+00:00
2025Q3,30-SEP-2025,HDFCAMC,HDFC Asset Management Company Limited,Financial Services,Midcap,24.69,14.13,https://nsearchives.nseindia.com/corporate/xbrl/SHP_1551183_17102025120030_WEB.xml,2026-06-04T17:24:45+00:00
2025Q3,30-SEP-2025,HDFCBANK,HDFC Bank Limited,Banking,Nifty 50,48.39,36.26,https://nsearchives.nseindia.com/corporate/xbrl/SHP_1574385_13112025090903_WEB.xml,2026-05-22T16:59:08+00:00
2025Q3,30-SEP-2025,HDFCLIFE,HDFC Life Insurance Company Limited,Insurance,Nifty 50,24.81,14.6,https://nsearchives.nseindia.com/corporate/xbrl/SHP_1554405_20102025040935_WEB.xml,2026-05-22T16:59:17+00:00
2025Q3,30-SEP-2025,HEROMOTOCO,Hero MotoCorp Limited,Auto,Nifty 50,28.76,26.39,https://nsearchives.nseindia.com/corporate/xbrl/SHP_1548174_14102025075517_WEB.xml,2026-05-22T16:59:25+00:00
2025Q3,30-SEP-2025,HINDALCO,Hindalco Industries Limited,Metals,Nifty 50,32.1,24.23,https://nsearchives.nseindia.com/corporate/xbrl/SHP_1555145_22102025093053_WEB.xml,2026-05-22T16:59:33+00:00
2025Q3,30-SEP-2025,HINDPETRO,Hindustan Petroleum Corporation Limited,Oil & Gas,Midcap,14.48,22.25,https://nsearchives.nseindia.com/corporate/xbrl/SHP_1552562_17102025063935_WEB.xml,2026-06-04T17:24:51+00:00
2025Q3,30-SEP-2025,HINDUNILVR,Hindustan Unilever Limited,FMCG,Nifty 50,10.79,15.69,https://nsearchives.nseindia.com/corporate/xbrl/SHP_1554637_21102025111628_WEB.xml,2026-05-22T16:59:41+00:00
2025Q3,30-SEP-2025,HINDZINC,Hindustan Zinc Limited,Metals,Nifty Next 50,1.31,4.92,https://nsearchives.nseindia.com/corporate/xbrl/SHP_1574522_13112025102908_WEB.xml,2026-05-22T16:52:03+00:00
2025Q3,30-SEP-2025,HONAUT,Honeywell Automation India Limited,Capital Goods,Midcap,3.01,11.99,https://nsearchives.nseindia.com/corporate/xbrl/SHP_1548994_15102025044138_WEB.xml,2026-06-04T17:24:56+00:00
2025Q3,30-SEP-2025,HYUNDAI,Hyundai Motor India Limited,Auto,Nifty Next 50,7.35,7.74,https://nsearchives.nseindia.com/corporate/xbrl/SHP_1553843_18102025065124_WEB.xml,2026-05-22T16:52:12+00:00
2025Q3,30-SEP-2025,ICICIBANK,ICICI Bank Limited,Banking,Nifty 50,45.56,45.06,https://nsearchives.nseindia.com/corporate/xbrl/SHP_1550117_16102025031434_WEB.xml,2026-05-22T16:59:49+00:00
2025Q3,30-SEP-2025,ICICIGI,ICICI Lombard General Insurance Company Limited,Insurance,Nifty Next 50,24.04,17.51,https://nsearchives.nseindia.com/corporate/xbrl/SHP_1553917_18102025092511_WEB.xml,2026-05-22T16:52:20+00:00
2025Q3,30-SEP-2025,ICICIPRULI,ICICI Prudential Life Insurance Company Limited,Insurance,Nifty Next 50,13.16,8.65,https://nsearchives.nseindia.com/corporate/xbrl/SHP_1554443_20102025045544_WEB.xml,2026-05-22T16:52:28+00:00
2025Q3,30-SEP-2025,IDEA,Vodafone Idea Limited,Telecom,Midcap,5.99,4.75,https://nsearchives.nseindia.com/corporate/xbrl/SHP_1552207_17102025052135_WEB.xml,2026-06-04T17:25:01+00:00
2025Q3,30-SEP-2025,IDFCFIRSTB,IDFC First Bank Limited,Banking,Midcap,24.63,24.32,https://nsearchives.nseindia.com/corporate/xbrl/SHP_1547019_14102025113813_WEB.xml,2026-06-04T17:25:06+00:00
2025Q3,30-SEP-2025,IGL,Indraprastha Gas Limited,Oil & Gas,Midcap,17.21,24.08,https://nsearchives.nseindia.com/corporate/xbrl/SHP_1551085_17102025105429_WEB.xml,2026-06-04T17:25:11+00:00
2025Q3,30-SEP-2025,INDHOTEL,The Indian Hotels Company Limited,Hospitality,Nifty Next 50,26.14,19.55,https://nsearchives.nseindia.com/corporate/xbrl/SHP_1554745_21102025015112_WEB.xml,2026-05-22T16:52:37+00:00
2025Q3,30-SEP-2025,INDIANB,Indian Bank,Banking,Midcap,4.68,18.62,https://nsearchives.nseindia.com/corporate/xbrl/SHP_1548864_15102025035910_WEB.xml,2026-06-04T17:25:17+00:00
2025Q3,30-SEP-2025,INDIGO,InterGlobe Aviation Limited,Aviation,Nifty Next 50,28.44,24.66,https://nsearchives.nseindia.com/corporate/xbrl/SHP_1554161_19102025092623_WEB.xml,2026-05-22T16:52:45+00:00
2025Q3,30-SEP-2025,INDUSINDBK,IndusInd Bank Limited,Banking,Nifty 50,34.32,31.95,https://nsearchives.nseindia.com/corporate/xbrl/SHP_1551898_17102025040607_WEB.xml,2026-05-22T16:59:57+00:00
2025Q3,30-SEP-2025,INDUSTOWER,Indus Towers Limited,Telecom,Nifty Next 50,26.2,18.24,https://nsearchives.nseindia.com/corporate/xbrl/SHP_1554477_20102025053201_WEB.xml,2026-05-22T16:52:53+00:00
2025Q3,30-SEP-2025,INFY,Infosys Limited,IT,Nifty 50,30.07,41.65,https://nsearchives.nseindia.com/corporate/xbrl/SHP_1552953_17102025093815_WEB.xml,2026-05-22T17:00:06+00:00
2025Q3,30-SEP-2025,IOB,Indian Overseas Bank,Banking,Midcap,0.31,2.3,https://nsearchives.nseindia.com/corporate/xbrl/SHP_1586155_15122025072310_WEB.xml,2026-06-04T17:25:22+00:00
2025Q3,30-SEP-2025,IOC,Indian Oil Corporation Limited,Oil & Gas,Nifty Next 50,7.7,10.53,https://nsearchives.nseindia.com/corporate/xbrl/SHP_1551755_17102025033338_WEB.xml,2026-05-22T16:53:01+00:00
2025Q3,30-SEP-2025,IPCALAB,IPCA Laboratories Limited,Pharma,Midcap,10.43,36.77,https://nsearchives.nseindia.com/corporate/xbrl/SHP_1546998_14102025112310_WEB.xml,2026-06-04T17:25:27+00:00
2025Q3,30-SEP-2025,IRCTC,Indian Railway Catering And Tourism Corporation Limited,Consumer Services,Nifty Next 50,7.27,14.18,https://nsearchives.nseindia.com/corporate/xbrl/SHP_1547941_14102025062416_WEB.xml,2026-05-22T16:53:09+00:00
2025Q3,30-SEP-2025,IRFC,Indian Railway Finance Corporation Limited,Financial Services,Nifty Next 50,0.97,1.49,https://nsearchives.nseindia.com/corporate/xbrl/SHP_1550741_16102025062639_WEB.xml,2026-05-22T16:53:17+00:00
2025Q3,30-SEP-2025,ITC,ITC Limited,FMCG,Nifty 50,37.39,47.41,https://nsearchives.nseindia.com/corporate/xbrl/SHP_1548894_15102025041116_WEB.xml,2026-05-22T17:00:14+00:00
2025Q3,30-SEP-2025,JINDALSTEL,JINDAL STEEL LIMITED,Metals,Nifty Next 50,9.43,18.74,https://nsearchives.nseindia.com/corporate/xbrl/SHP_1554939_21102025052302_WEB.xml,2026-05-22T16:53:25+00:00
2025Q3,30-SEP-2025,JIOFIN,Jio Financial Services Limited,Financial Services,Nifty Next 50,11.84,14.88,https://nsearchives.nseindia.com/corporate/xbrl/SHP_1553908_18102025085542_WEB.xml,2026-05-22T16:53:33+00:00
2025Q3,30-SEP-2025,JSL,Jindal Stainless Limited,Metals,Midcap,21.42,7.08,https://nsearchives.nseindia.com/corporate/xbrl/SHP_1554706_21102025124004_WEB.xml,2026-06-04T17:25:32+00:00
2025Q3,30-SEP-2025,JSWSTEEL,JSW Steel Limited,Metals,Nifty 50,25.55,10.87,https://nsearchives.nseindia.com/corporate/xbrl/SHP_1554734_21102025013637_WEB.xml,2026-05-22T17:00:22+00:00
2025Q3,30-SEP-2025,JUBLFOOD,Jubilant Foodworks Limited,Consumer Services,Midcap,20.1,33.25,https://nsearchives.nseindia.com/corporate/xbrl/SHP_1551929_17102025041353_WEB.xml,2026-06-04T17:25:37+00:00
2025Q3,30-SEP-2025,KOTAKBANK,Kotak Mahindra Bank Limited,Banking,Nifty 50,29.75,32.01,https://nsearchives.nseindia.com/corporate/xbrl/SHP_1547521_14102025035311_WEB.xml,2026-05-22T17:00:31+00:00
2025Q3,30-SEP-2025,KPITTECH,KPIT Technologies Limited,IT,Midcap,14.31,23.9,https://nsearchives.nseindia.com/corporate/xbrl/SHP_1547056_14102025115908_WEB.xml,2026-06-04T17:25:43+00:00
2025Q3,30-SEP-2025,LICHSGFIN,LIC Housing Finance Limited,Financial Services,Midcap,20.17,22.14,https://nsearchives.nseindia.com/corporate/xbrl/SHP_1550038_16102025024406_WEB.xml,2026-06-04T17:25:48+00:00
2025Q3,30-SEP-2025,LICI,Life Insurance Corporation Of India,Insurance,Nifty Next 50,0.12,1.36,https://nsearchives.nseindia.com/corporate/xbrl/SHP_1552944_17102025091455_WEB.xml,2026-05-22T16:53:41+00:00
2025Q3,30-SEP-2025,LODHA,Lodha Developers Limited,Realty,Nifty Next 50,24.11,2.73,https://nsearchives.nseindia.com/corporate/xbrl/SHP_1556169_24102025024747_WEB.xml,2026-05-22T16:53:49+00:00
2025Q3,30-SEP-2025,LT,Larsen & Toubro Limited,Infrastructure,Nifty 50,19.48,43.35,https://nsearchives.nseindia.com/corporate/xbrl/SHP_1553430_18102025030437_WEB.xml,2026-05-22T17:00:39+00:00
2025Q3,30-SEP-2025,LTF,L&T Finance Limited,Financial Services,Midcap,6.41,14.32,https://nsearchives.nseindia.com/corporate/xbrl/SHP_1574544_13112025103733_WEB.xml,2026-06-04T17:25:58+00:00
2025Q3,30-SEP-2025,LTTS,L&T Technology Services Limited,IT,Midcap,4.67,14.13,https://nsearchives.nseindia.com/corporate/xbrl/SHP_1554107_19102025053224_WEB.xml,2026-06-04T17:26:03+00:00
2025Q3,30-SEP-2025,LUPIN,Lupin Limited,Pharma,Midcap,20.49,26.55,https://nsearchives.nseindia.com/corporate/xbrl/SHP_1551887_17102025040212_WEB.xml,2026-06-04T17:25:53+00:00
2025Q3,30-SEP-2025,M&M,Mahindra & Mahindra Limited,Auto,Nifty 50,38.04,29.96,https://nsearchives.nseindia.com/corporate/xbrl/SHP_1554546_20102025085104_WEB.xml,2026-05-22T17:00:47+00:00
2025Q3,30-SEP-2025,M&MFIN,Mahindra & Mahindra Financial Services Limited,Financial Services,Midcap,9.59,32.29,https://nsearchives.nseindia.com/corporate/xbrl/SHP_1552988_17102025105411_WEB.xml,2026-06-04T17:26:08+00:00
2025Q3,30-SEP-2025,MARICO,Marico Limited,FMCG,Nifty Next 50,24.21,11.99,https://nsearchives.nseindia.com/corporate/xbrl/SHP_1550895_16102025071817_WEB.xml,2026-05-22T16:53:57+00:00
2025Q3,30-SEP-2025,MARUTI,Maruti Suzuki India Limited,Auto,Nifty 50,15.78,22.63,https://nsearchives.nseindia.com/corporate/xbrl/SHP_1553079_18102025111337_WEB.xml,2026-05-22T17:00:55+00:00
2025Q3,30-SEP-2025,MFSL,Max Financial Services Limited,Insurance,Midcap,44.78,47.26,https://nsearchives.nseindia.com/corporate/xbrl/SHP_1544065_10102025124708_WEB.xml,2026-06-04T17:26:14+00:00
2025Q3,30-SEP-2025,MGL,Mahanagar Gas Limited,Oil & Gas,Midcap,23.6,22.89,https://nsearchives.nseindia.com/corporate/xbrl/SHP_1550857_16102025070144_WEB.xml,2026-06-04T17:26:20+00:00
2025Q3,30-SEP-2025,MOTHERSON,Samvardhana Motherson International Limited,Auto,Nifty Next 50,11.99,21.02,https://nsearchives.nseindia.com/corporate/xbrl/SHP_1552060_17102025044631_WEB.xml,2026-05-22T16:54:05+00:00
2025Q3,30-SEP-2025,MOTILALOFS,Motilal Oswal Financial Services Limited,Financial Services,Midcap,7.52,5.84,https://nsearchives.nseindia.com/corporate/xbrl/SHP_1554599_21102025032913_WEB.xml,2026-06-04T17:26:25+00:00
2025Q3,30-SEP-2025,MPHASIS,MphasiS Limited,IT,Midcap,18.52,37.07,https://nsearchives.nseindia.com/corporate/xbrl/SHP_1552713_17102025070929_WEB.xml,2026-06-04T17:26:31+00:00
2025Q3,30-SEP-2025,MRF,MRF Limited,Auto,Midcap,18.27,12.38,https://nsearchives.nseindia.com/corporate/xbrl/SHP_1551499_17102025020308_WEB.xml,2026-06-04T17:26:36+00:00
2025Q3,30-SEP-2025,MUTHOOTFIN,Muthoot Finance Limited,Financial Services,Midcap,11.58,11.37,https://nsearchives.nseindia.com/corporate/xbrl/SHP_1553587_18102025043231_WEB.xml,2026-06-04T17:26:42+00:00
2025Q3,30-SEP-2025,NAM-INDIA,Nippon Life India Asset Management Limited,Financial Services,Midcap,7.64,12.96,https://nsearchives.nseindia.com/corporate/xbrl/SHP_1628097_19022026092425_WEB.xml,2026-06-04T17:26:48+00:00
2025Q3,30-SEP-2025,NAUKRI,Info Edge (India) Limited,Consumer Services,Nifty Next 50,30.33,21.67,https://nsearchives.nseindia.com/corporate/xbrl/SHP_1551777_17102025033729_WEB.xml,2026-05-22T16:54:13+00:00
2025Q3,30-SEP-2025,NESTLEIND,Nestle India Limited,FMCG,Nifty 50,9.82,11.77,https://nsearchives.nseindia.com/corporate/xbrl/SHP_1554174_19102025104320_WEB.xml,2026-05-22T17:01:03+00:00
2025Q3,30-SEP-2025,NHPC,NHPC Limited,Power,Nifty Next 50,10.05,10.55,https://nsearchives.nseindia.com/corporate/xbrl/SHP_1547933_14102025062216_WEB.xml,2026-05-22T16:54:21+00:00
2025Q3,30-SEP-2025,NMDC,NMDC Limited,Mining,Nifty Next 50,13.04,14.39,https://nsearchives.nseindia.com/corporate/xbrl/SHP_1554903_21102025044925_WEB.xml,2026-05-22T16:54:29+00:00
2025Q3,30-SEP-2025,NTPC,NTPC Limited,Power,Nifty 50,16.4,28.94,https://nsearchives.nseindia.com/corporate/xbrl/SHP_1551674_17102025031404_WEB.xml,2026-05-22T17:01:11+00:00
2025Q3,30-SEP-2025,NYKAA,FSN E-Commerce Ventures Limited,Consumer Services,Midcap,12.54,24.98,https://nsearchives.nseindia.com/corporate/xbrl/SHP_1552819_17102025073844_WEB.xml,2026-06-04T17:26:53+00:00
2025Q3,30-SEP-2025,OBEROIRLTY,Oberoi Realty Limited,Realty,Midcap,16.06,13.85,https://nsearchives.nseindia.com/corporate/xbrl/SHP_1546719_13102025072346_WEB.xml,2026-06-04T17:26:59+00:00
2025Q3,30-SEP-2025,OFSS,Oracle Financial Services Software Limited,IT,Midcap,8.65,8.45,https://nsearchives.nseindia.com/corporate/xbrl/SHP_1549689_16102025111723_WEB.xml,2026-06-04T17:27:04+00:00
2025Q3,30-SEP-2025,ONGC,Oil & Natural Gas Corporation Limited,Oil & Gas,Nifty 50,6.98,19.96,https://nsearchives.nseindia.com/corporate/xbrl/SHP_1554629_21102025110447_WEB.xml,2026-05-22T17:01:19+00:00
2025Q3,30-SEP-2025,PAGEIND,Page Industries Limited,Textiles,Midcap,23.21,29.24,https://nsearchives.nseindia.com/corporate/xbrl/SHP_1550252_16102025040036_WEB.xml,2026-06-04T17:27:10+00:00
2025Q3,30-SEP-2025,PATANJALI,Patanjali Foods Limited,FMCG,Midcap,12.24,11.85,https://nsearchives.nseindia.com/corporate/xbrl/SHP_1562325_31102025112249_WEB.xml,2026-06-04T17:27:15+00:00
2025Q3,30-SEP-2025,PAYTM,One 97 Communications Limited,Financial Services,Midcap,51.7,19.95,https://nsearchives.nseindia.com/corporate/xbrl/SHP_1544885_10102025085357_WEB.xml,2026-06-04T17:27:21+00:00
2025Q3,30-SEP-2025,PERSISTENT,Persistent Systems Limited,IT,Midcap,21.23,30.6,https://nsearchives.nseindia.com/corporate/xbrl/SHP_1546175_13102025041413_WEB.xml,2026-06-04T17:27:32+00:00
2025Q3,30-SEP-2025,PETRONET,Petronet LNG Limited,Oil & Gas,Midcap,28.03,11.65,https://nsearchives.nseindia.com/corporate/xbrl/SHP_1545754_13102025124235_WEB.xml,2026-06-04T17:27:38+00:00
2025Q3,30-SEP-2025,PFC,Power Finance Corporation Limited,Financial Services,Nifty Next 50,18.84,16.03,https://nsearchives.nseindia.com/corporate/xbrl/SHP_1546445_13102025053839_WEB.xml,2026-05-22T16:54:37+00:00
2025Q3,30-SEP-2025,PHOENIXLTD,The Phoenix Mills Limited,Realty,Midcap,33.45,15.47,https://nsearchives.nseindia.com/corporate/xbrl/SHP_1547020_14102025113814_WEB.xml,2026-06-04T17:27:43+00:00
2025Q3,30-SEP-2025,PIDILITIND,Pidilite Industries Limited,Chemicals,Nifty Next 50,12.09,9.16,https://nsearchives.nseindia.com/corporate/xbrl/SHP_1552361_17102025055620_WEB.xml,2026-05-22T16:54:45+00:00
2025Q3,30-SEP-2025,PIIND,PI Industries Limited,Chemicals,Midcap,16.42,30.4,https://nsearchives.nseindia.com/corporate/xbrl/SHP_1553533_18102025041253_WEB.xml,2026-06-04T17:27:48+00:00
2025Q3,30-SEP-2025,PNB,Punjab National Bank,Banking,Midcap,5.67,15.54,https://nsearchives.nseindia.com/corporate/xbrl/SHP_1550390_16102025044015_WEB.xml,2026-06-04T17:27:53+00:00
2025Q3,30-SEP-2025,POLICYBZR,PB Fintech Limited,Financial Services,Midcap,43.64,26.62,https://nsearchives.nseindia.com/corporate/xbrl/SHP_1553855_18102025071035_WEB.xml,2026-06-04T17:27:59+00:00
2025Q3,30-SEP-2025,POLYCAB,Polycab India Limited,Consumer Durables,Midcap,13.97,11.68,https://nsearchives.nseindia.com/corporate/xbrl/SHP_1556152_24102025023357_WEB.xml,2026-06-04T17:28:04+00:00
2025Q3,30-SEP-2025,POWERGRID,Power Grid Corporation of India Limited,Power,Nifty 50,25.67,19.39,https://nsearchives.nseindia.com/corporate/xbrl/SHP_1546357_13102025051056_WEB.xml,2026-05-22T17:01:28+00:00
2025Q3,30-SEP-2025,PRESTIGE,Prestige Estates Projects Limited,Realty,Midcap,15.75,20.68,https://nsearchives.nseindia.com/corporate/xbrl/SHP_1554767_21102025024102_WEB.xml,2026-06-04T17:28:10+00:00
2025Q3,30-SEP-2025,RECLTD,REC Limited,Financial Services,Nifty Next 50,17.97,15.86,https://nsearchives.nseindia.com/corporate/xbrl/SHP_1547478_14102025033759_WEB.xml,2026-05-22T16:54:53+00:00
2025Q3,30-SEP-2025,RELIANCE,Reliance Industries Limited,Conglomerate,Nifty 50,18.65,20.33,https://nsearchives.nseindia.com/corporate/xbrl/SHP_1552885_17102025081647_WEB.xml,2026-05-22T17:01:36+00:00
2025Q3,30-SEP-2025,RVNL,Rail Vikas Nigam Limited,Infrastructure,Midcap,4.66,6.4,https://nsearchives.nseindia.com/corporate/xbrl/SHP_1554616_21102025103759_WEB.xml,2026-06-04T17:28:16+00:00
2025Q3,30-SEP-2025,SAIL,Steel Authority of India Limited,Metals,Midcap,3.76,18.09,https://nsearchives.nseindia.com/corporate/xbrl/SHP_1552023_17102025043928_WEB.xml,2026-06-04T17:28:21+00:00
2025Q3,30-SEP-2025,SBICARD,SBI Cards and Payment Services Limited,Financial Services,Nifty Next 50,10.1,17.76,https://nsearchives.nseindia.com/corporate/xbrl/SHP_1552360_17102025055559_WEB.xml,2026-05-22T16:55:02+00:00
2025Q3,30-SEP-2025,SBILIFE,SBI Life Insurance Company Limited,Insurance,Nifty 50,21.85,18.69,https://nsearchives.nseindia.com/corporate/xbrl/SHP_1580780_28112025023712_WEB.xml,2026-05-22T17:01:44+00:00
2025Q3,30-SEP-2025,SBIN,State Bank of India,Banking,Nifty 50,9.57,27.78,https://nsearchives.nseindia.com/corporate/xbrl/SHP_1550260_16102025040258_WEB.xml,2026-05-22T17:01:53+00:00
2025Q3,30-SEP-2025,SHREECEM,SHREE CEMENT LIMITED,Cement,Nifty Next 50,10.33,14.65,https://nsearchives.nseindia.com/corporate/xbrl/SHP_1546148_13102025040249_WEB.xml,2026-05-22T16:55:10+00:00
2025Q3,30-SEP-2025,SHRIRAMFIN,Shriram Finance Limited,Financial Services,Nifty Next 50,49.61,18.66,https://nsearchives.nseindia.com/corporate/xbrl/SHP_1552080_17102025045216_WEB.xml,2026-05-22T16:55:18+00:00
2025Q3,30-SEP-2025,SIEMENS,Siemens Limited,Capital Goods,Nifty Next 50,7.0,8.05,https://nsearchives.nseindia.com/corporate/xbrl/SHP_1554434_20102025044615_WEB.xml,2026-05-22T16:55:26+00:00
2025Q3,30-SEP-2025,SOLARINDS,Solar Industries India Limited,Chemicals,Midcap,7.11,12.89,https://nsearchives.nseindia.com/corporate/xbrl/SHP_1546072_13102025033700_WEB.xml,2026-06-04T17:28:27+00:00
2025Q3,30-SEP-2025,SONACOMS,Sona BLW Precision Forgings Limited,Auto,Midcap,23.46,40.13,https://nsearchives.nseindia.com/corporate/xbrl/SHP_1548447_15102025120259_WEB.xml,2026-06-04T17:28:33+00:00
2025Q3,30-SEP-2025,SRF,SRF Limited,Chemicals,Midcap,17.98,19.53,https://nsearchives.nseindia.com/corporate/xbrl/SHP_1543084_09102025124451_WEB.xml,2026-06-04T17:28:39+00:00
2025Q3,30-SEP-2025,SUNDARMFIN,Sundaram Finance Limited,Financial Services,Midcap,19.06,7.37,https://nsearchives.nseindia.com/corporate/xbrl/SHP_1577634_18112025060402_WEB.xml,2026-06-04T17:28:45+00:00
2025Q3,30-SEP-2025,SUNPHARMA,Sun Pharmaceutical Industries Limited,Pharma,Nifty 50,16.55,20.23,https://nsearchives.nseindia.com/corporate/xbrl/SHP_1549859_16102025124943_WEB.xml,2026-05-22T17:02:01+00:00
2025Q3,30-SEP-2025,SUPREMEIND,Supreme Industries Limited,Consumer Durables,Midcap,20.66,16.05,https://nsearchives.nseindia.com/corporate/xbrl/SHP_1553594_18102025043454_WEB.xml,2026-06-04T17:28:50+00:00
2025Q3,30-SEP-2025,SUZLON,Suzlon Energy Limited,Power,Midcap,22.7,10.16,https://nsearchives.nseindia.com/corporate/xbrl/SHP_1547532_14102025035635_WEB.xml,2026-06-04T17:28:56+00:00
2025Q3,30-SEP-2025,SWIGGY,Swiggy Limited,Consumer Services,Nifty Next 50,12.24,15.95,https://nsearchives.nseindia.com/corporate/xbrl/SHP_1550753_16102025062956_WEB.xml,2026-05-22T16:55:34+00:00
2025Q3,30-SEP-2025,SYNGENE,Syngene International Limited,Pharma,Midcap,16.31,24.62,https://nsearchives.nseindia.com/corporate/xbrl/SHP_1554913_21102025045620_WEB.xml,2026-06-04T17:29:02+00:00
2025Q3,30-SEP-2025,TATACHEM,Tata Chemicals Limited,Chemicals,Midcap,13.74,22.18,https://nsearchives.nseindia.com/corporate/xbrl/SHP_1554530_20102025073105_WEB.xml,2026-06-04T17:29:07+00:00
2025Q3,30-SEP-2025,TATACOMM,Tata Communications Limited,Telecom,Midcap,13.61,19.03,https://nsearchives.nseindia.com/corporate/xbrl/SHP_1554781_21102025025327_WEB.xml,2026-06-04T17:29:13+00:00
2025Q3,30-SEP-2025,TATACONSUM,TATA CONSUMER PRODUCTS LIMITED,FMCG,Nifty 50,22.06,22.2,https://nsearchives.nseindia.com/corporate/xbrl/SHP_1554263_20102025120657_WEB.xml,2026-05-22T17:02:09+00:00
2025Q3,30-SEP-2025,TATAELXSI,Tata Elxsi Limited,IT,Midcap,12.53,10.38,https://nsearchives.nseindia.com/corporate/xbrl/SHP_1554847_21102025040144_WEB.xml,2026-06-04T17:29:18+00:00
2025Q3,30-SEP-2025,TATAPOWER,Tata Power Company Limited,Power,Nifty Next 50,10.19,16.66,https://nsearchives.nseindia.com/corporate/xbrl/SHP_1554672_21102025121546_WEB.xml,2026-05-22T16:55:42+00:00
2025Q3,30-SEP-2025,TATASTEEL,Tata Steel Limited,Metals,Nifty 50,17.78,27.09,https://nsearchives.nseindia.com/corporate/xbrl/SHP_1554483_20102025054016_WEB.xml,2026-05-22T17:02:19+00:00
2025Q3,30-SEP-2025,TCS,Tata Consultancy Services Limited,IT,Nifty 50,10.33,12.7,https://nsearchives.nseindia.com/corporate/xbrl/SHP_1554491_20102025054919_WEB.xml,2026-05-22T17:02:27+00:00
2025Q3,30-SEP-2025,TECHM,Tech Mahindra Limited,IT,Nifty 50,20.6,34.64,https://nsearchives.nseindia.com/corporate/xbrl/SHP_1554666_21102025115829_WEB.xml,2026-05-22T17:02:35+00:00
2025Q3,30-SEP-2025,TIINDIA,Tube Investments of India Limited,Auto,Midcap,25.44,17.71,https://nsearchives.nseindia.com/corporate/xbrl/SHP_1554673_21102025121550_WEB.xml,2026-06-04T17:29:24+00:00
2025Q3,30-SEP-2025,TITAN,Titan Company Limited,Consumer Goods,Nifty 50,16.11,14.16,https://nsearchives.nseindia.com/corporate/xbrl/SHP_1551534_17102025022253_WEB.xml,2026-05-22T17:02:44+00:00
2025Q3,30-SEP-2025,TORNTPHARM,Torrent Pharmaceuticals Limited,Pharma,Midcap,15.92,9.28,https://nsearchives.nseindia.com/corporate/xbrl/SHP_1546746_13102025073956_WEB.xml,2026-06-04T17:29:29+00:00
2025Q3,30-SEP-2025,TORNTPOWER,Torrent Power Limited,Power,Midcap,8.81,22.16,https://nsearchives.nseindia.com/corporate/xbrl/SHP_1548083_14102025065535_WEB.xml,2026-06-04T17:29:34+00:00
2025Q3,30-SEP-2025,TRENT,Trent Limited,Retail,Nifty Next 50,16.82,19.98,https://nsearchives.nseindia.com/corporate/xbrl/SHP_1554875_21102025042609_WEB.xml,2026-05-22T16:55:51+00:00
2025Q3,30-SEP-2025,TVSMOTOR,TVS Motor Company Limited,Auto,Nifty Next 50,22.89,18.35,https://nsearchives.nseindia.com/corporate/xbrl/SHP_1554822_21102025033208_WEB.xml,2026-06-04T18:22:15+00:00
2025Q3,30-SEP-2025,ULTRACEMCO,UltraTech Cement Limited,Cement,Nifty 50,15.82,16.65,https://nsearchives.nseindia.com/corporate/xbrl/SHP_1549868_16102025125409_WEB.xml,2026-05-22T17:02:52+00:00
2025Q3,30-SEP-2025,UNIONBANK,Union Bank of India,Banking,Midcap,7.86,11.71,https://nsearchives.nseindia.com/corporate/xbrl/SHP_1550535_16102025052545_WEB.xml,2026-06-04T17:29:40+00:00
2025Q3,30-SEP-2025,UNITDSPR,United Spirits Limited,FMCG,Nifty Next 50,14.38,14.9,https://nsearchives.nseindia.com/corporate/xbrl/SHP_1554891_21102025043638_WEB.xml,2026-06-04T18:22:21+00:00
2025Q3,30-SEP-2025,UPL,UPL Limited,Chemicals,Nifty 50,39.88,17.16,https://nsearchives.nseindia.com/corporate/xbrl/SHP_1547777_14102025052734_WEB.xml,2026-05-22T17:03:00+00:00
2025Q3,30-SEP-2025,VBL,Varun Beverages Limited,FMCG,Nifty Next 50,21.93,11.79,https://nsearchives.nseindia.com/corporate/xbrl/SHP_1547567_14102025040822_WEB.xml,2026-06-04T18:22:26+00:00
2025Q3,30-SEP-2025,VEDL,Vedanta Limited,Metals,Nifty Next 50,11.08,16.24,https://nsearchives.nseindia.com/corporate/xbrl/SHP_1554721_21102025011503_WEB.xml,2026-06-04T18:22:31+00:00
2025Q3,30-SEP-2025,VOLTAS,Voltas Limited,Consumer Durables,Midcap,20.26,35.83,https://nsearchives.nseindia.com/corporate/xbrl/SHP_1554476_20102025053142_WEB.xml,2026-06-04T17:29:45+00:00
2025Q3,30-SEP-2025,WIPRO,Wipro Limited,IT,Nifty 50,10.81,7.88,https://nsearchives.nseindia.com/corporate/xbrl/SHP_1553887_18102025082324_WEB.xml,2026-05-22T17:03:08+00:00
2025Q3,30-SEP-2025,YESBANK,Yes Bank Limited,Banking,Midcap,44.95,20.8,https://nsearchives.nseindia.com/corporate/xbrl/SHP_1553889_18102025082536_WEB.xml,2026-05-22T16:49:19+00:00
2025Q3,30-SEP-2025,ZEEL,Zee Entertainment Enterprises Limited,Media,Midcap,25.42,14.03,https://nsearchives.nseindia.com/corporate/xbrl/SHP_1551850_17102025035419_WEB.xml,2026-05-22T16:49:27+00:00
2025Q3,30-SEP-2025,ZYDUSLIFE,Zydus Lifesciences Limited,Pharma,Nifty Next 50,7.34,10.86,https://nsearchives.nseindia.com/corporate/xbrl/SHP_1547838_14102025054828_WEB.xml,2026-06-04T18:22:37+00:00
2025Q4,31-DEC-2025,ABB,ABB India Limited,Capital Goods,Nifty Next 50,7.65,9.15,https://nsearchives.nseindia.com/corporate/xbrl/SHP_1600045_13012026053718_WEB.xml,2026-05-22T16:49:34+00:00
2025Q4,31-DEC-2025,ABCAPITAL,Aditya Birla Capital Limited,Financial Services,Midcap,5.83,14.67,https://nsearchives.nseindia.com/corporate/xbrl/SHP_1594987_05012026045602_WEB.xml,2026-06-04T17:22:05+00:00
2025Q4,31-DEC-2025,ABFRL,Aditya Birla Fashion and Retail Limited,Retail,Midcap,18.37,7.89,https://nsearchives.nseindia.com/corporate/xbrl/SHP_1607108_21012026042143_WEB.xml,2026-06-04T17:22:10+00:00
2025Q4,31-DEC-2025,ACC,ACC Limited,Cement,Midcap,5.99,21.38,https://nsearchives.nseindia.com/corporate/xbrl/SHP_1597052_08012026070438_WEB.xml,2026-06-04T17:22:16+00:00
2025Q4,31-DEC-2025,ADANIENT,Adani Enterprises Limited,Conglomerate,Nifty 50,11.65,6.72,https://nsearchives.nseindia.com/corporate/xbrl/SHP_1601303_15012026111512_WEB.xml,2026-06-04T18:22:42+00:00
2025Q4,31-DEC-2025,ADANIGREEN,Adani Green Energy Limited,Power,Nifty Next 50,11.42,4.31,https://nsearchives.nseindia.com/corporate/xbrl/SHP_1601910_16012026110829_WEB.xml,2026-05-22T16:49:42+00:00
2025Q4,31-DEC-2025,ADANIPORTS,Adani Ports and Special Economic Zone Limited,Infrastructure,Nifty 50,13.1,13.89,https://nsearchives.nseindia.com/corporate/xbrl/SHP_1598335_11012026113757_WEB.xml,2026-06-04T18:22:47+00:00
2025Q4,31-DEC-2025,ADANIPOWER,Adani Power Limited,Power,Nifty Next 50,11.64,3.42,https://nsearchives.nseindia.com/corporate/xbrl/SHP_1597182_09012026112628_WEB.xml,2026-05-22T16:49:51+00:00
2025Q4,31-DEC-2025,ALKEM,Alkem Laboratories Limited,Pharma,Midcap,9.97,21.54,https://nsearchives.nseindia.com/corporate/xbrl/SHP_1599320_13012026111044_WEB.xml,2026-06-04T17:22:21+00:00
2025Q4,31-DEC-2025,AMBUJACEM,Ambuja Cements Limited,Cement,Nifty Next 50,5.8,19.85,https://nsearchives.nseindia.com/corporate/xbrl/SHP_1598187_10012026033521_WEB.xml,2026-05-22T16:49:59+00:00
2025Q4,31-DEC-2025,APLAPOLLO,APL Apollo Tubes Limited,Metals,Midcap,33.12,19.91,https://nsearchives.nseindia.com/corporate/xbrl/SHP_1598040_10012026115141_WEB.xml,2026-06-04T17:22:27+00:00
2025Q4,31-DEC-2025,APOLLOHOSP,Apollo Hospitals Enterprise Limited,Healthcare,Nifty 50,43.54,21.51,https://nsearchives.nseindia.com/corporate/xbrl/SHP_1595494_06012026034140_WEB.xml,2026-06-04T18:22:52+00:00
2025Q4,31-DEC-2025,ASHOKLEY,Ashok Leyland Limited,Auto,Midcap,24.41,13.73,https://nsearchives.nseindia.com/corporate/xbrl/SHP_1612779_29012026025157_WEB.xml,2026-06-04T17:22:32+00:00
2025Q4,31-DEC-2025,ASIANPAINT,Asian Paints Limited,Consumer Goods,Nifty 50,12.78,21.14,https://nsearchives.nseindia.com/corporate/xbrl/SHP_1604886_19012026081432_WEB.xml,2026-06-04T18:22:57+00:00
2025Q4,31-DEC-2025,ASTRAL,Astral Limited,Consumer Durables,Midcap,15.21,19.54,https://nsearchives.nseindia.com/corporate/xbrl/SHP_1604685_19012026063016_WEB.xml,2026-06-04T17:22:37+00:00
2025Q4,31-DEC-2025,ATGL,Adani Total Gas Limited,Oil & Gas,Nifty Next 50,12.81,6.25,https://nsearchives.nseindia.com/corporate/xbrl/SHP_1598289_10012026062618_WEB.xml,2026-05-22T16:50:07+00:00
2025Q4,31-DEC-2025,AUBANK,AU Small Finance Bank Limited,Banking,Midcap,36.45,31.27,https://nsearchives.nseindia.com/corporate/xbrl/SHP_1608794_23012026105208_WEB.xml,2026-06-04T17:22:43+00:00
2025Q4,31-DEC-2025,AUROPHARMA,Aurobindo Pharma Limited,Pharma,Midcap,13.94,27.68,https://nsearchives.nseindia.com/corporate/xbrl/SHP_1599979_13012026051655_WEB.xml,2026-06-04T17:22:48+00:00
2025Q4,31-DEC-2025,AXISBANK,Axis Bank Limited,Banking,Nifty 50,42.57,42.65,https://nsearchives.nseindia.com/corporate/xbrl/SHP_1597452_09012026032719_WEB.xml,2026-06-04T18:23:02+00:00
2025Q4,31-DEC-2025,BAJAJ-AUTO,Bajaj Auto Limited,Auto,Nifty 50,8.84,14.07,https://nsearchives.nseindia.com/corporate/xbrl/SHP_1607322_21012026053346_WEB.xml,2026-06-04T18:23:07+00:00
2025Q4,31-DEC-2025,BAJAJFINSV,Bajaj Finserv Limited,Financial Services,Nifty 50,8.06,10.74,https://nsearchives.nseindia.com/corporate/xbrl/SHP_1606921_21012026031037_WEB.xml,2026-06-04T18:23:17+00:00
2025Q4,31-DEC-2025,BAJAJHLDNG,Bajaj Holdings & Investment Limited,Financial Services,Nifty Next 50,10.26,7.31,https://nsearchives.nseindia.com/corporate/xbrl/SHP_1607089_21012026041445_WEB.xml,2026-05-22T16:50:15+00:00
2025Q4,31-DEC-2025,BAJFINANCE,Bajaj Finance Limited,Financial Services,Nifty 50,21.5,14.94,https://nsearchives.nseindia.com/corporate/xbrl/SHP_1605464_20012026031448_WEB.xml,2026-06-04T18:23:12+00:00
2025Q4,31-DEC-2025,BALKRISIND,Balkrishna Industries Limited,Auto,Midcap,11.0,24.43,https://nsearchives.nseindia.com/corporate/xbrl/SHP_1605725_20012026044825_WEB.xml,2026-06-04T17:22:53+00:00
2025Q4,31-DEC-2025,BANKBARODA,Bank of Baroda,Banking,Nifty Next 50,9.84,18.81,https://nsearchives.nseindia.com/corporate/xbrl/SHP_1601986_16012026122154_WEB.xml,2026-05-22T16:50:24+00:00
2025Q4,31-DEC-2025,BEL,Bharat Electronics Limited,Defence,Nifty Next 50,18.51,20.48,https://nsearchives.nseindia.com/corporate/xbrl/SHP_1600893_14012026051202_WEB.xml,2026-05-22T16:50:32+00:00
2025Q4,31-DEC-2025,BERGEPAINT,Berger Paints (I) Limited,Consumer Goods,Midcap,5.25,11.08,https://nsearchives.nseindia.com/corporate/xbrl/SHP_1602413_16012026043911_WEB.xml,2026-06-04T17:22:59+00:00
2025Q4,31-DEC-2025,BHARATFORG,Bharat Forge Limited,Auto,Midcap,12.4,34.23,https://nsearchives.nseindia.com/corporate/xbrl/SHP_1599492_13012026125832_WEB.xml,2026-06-04T17:23:04+00:00
2025Q4,31-DEC-2025,BHARTIARTL,Bharti Airtel Limited,Telecom,Nifty 50,28.76,19.66,https://nsearchives.nseindia.com/corporate/xbrl/SHP_1604248_19012026040903_WEB.xml,2026-06-04T18:23:27+00:00
2025Q4,31-DEC-2025,BHEL,Bharat Heavy Electricals Limited,Capital Goods,Midcap,6.29,19.7,https://nsearchives.nseindia.com/corporate/xbrl/SHP_1596662_08012026025100_WEB.xml,2026-06-04T17:23:09+00:00
2025Q4,31-DEC-2025,BIOCON,Biocon Limited,Pharma,Midcap,7.39,21.71,https://nsearchives.nseindia.com/corporate/xbrl/SHP_1604138_19012026032941_WEB.xml,2026-06-04T17:23:14+00:00
2025Q4,31-DEC-2025,BOSCHLTD,Bosch Limited,Auto,Nifty Next 50,7.34,14.9,https://nsearchives.nseindia.com/corporate/xbrl/SHP_1604184_19012026034741_WEB.xml,2026-05-22T16:50:40+00:00
2025Q4,31-DEC-2025,BPCL,Bharat Petroleum Corporation Limited,Oil & Gas,Nifty 50,18.46,19.56,https://nsearchives.nseindia.com/corporate/xbrl/SHP_1605322_20012026015722_WEB.xml,2026-06-04T18:23:22+00:00
2025Q4,31-DEC-2025,BRITANNIA,Britannia Industries Limited,FMCG,Nifty 50,14.88,19.6,https://nsearchives.nseindia.com/corporate/xbrl/SHP_1607252_21012026051001_WEB.xml,2026-06-04T18:23:32+00:00
2025Q4,31-DEC-2025,BSE,BSE Limited,Financial Services,Midcap,17.45,23.74,https://nsearchives.nseindia.com/corporate/xbrl/SHP_1604968_20012026101726_WEB.xml,2026-06-04T17:23:20+00:00
2025Q4,31-DEC-2025,CAMS,Computer Age Management Services Limited,Financial Services,Midcap,44.66,22.0,https://nsearchives.nseindia.com/corporate/xbrl/SHP_1595914_07012026123103_WEB.xml,2026-06-04T17:23:25+00:00
2025Q4,31-DEC-2025,CANBK,Canara Bank,Banking,Midcap,14.62,10.48,https://nsearchives.nseindia.com/corporate/xbrl/-,2026-06-04T17:23:31+00:00
2025Q4,31-DEC-2025,CGCL,Capri Global Capital Limited,Financial Services,Midcap,4.5,20.11,https://nsearchives.nseindia.com/corporate/xbrl/SHP_1596906_08012026054503_WEB.xml,2026-06-04T17:23:36+00:00
2025Q4,31-DEC-2025,CGPOWER,CG Power and Industrial Solutions Limited,Capital Goods,Nifty Next 50,12.02,17.56,https://nsearchives.nseindia.com/corporate/xbrl/SHP_1606407_20012026092031_WEB.xml,2026-05-22T16:50:56+00:00
2025Q4,31-DEC-2025,CHOLAFIN,Cholamandalam Investment and Finance Company Limited,Financial Services,Nifty Next 50,26.55,17.55,https://nsearchives.nseindia.com/corporate/xbrl/SHP_1606298_20012026074134_WEB.xml,2026-05-22T16:50:48+00:00
2025Q4,31-DEC-2025,CIPLA,Cipla Limited,Pharma,Nifty 50,23.93,30.72,https://nsearchives.nseindia.com/corporate/xbrl/SHP_1607774_21012026090606_WEB.xml,2026-06-04T18:23:37+00:00
2025Q4,31-DEC-2025,COALINDIA,Coal India Limited,Mining,Nifty 50,8.22,22.54,https://nsearchives.nseindia.com/corporate/xbrl/SHP_1596533_08012026121812_WEB.xml,2026-06-03T19:34:28+00:00
2025Q4,31-DEC-2025,COFORGE,Coforge Limited,IT,Midcap,34.53,53.67,https://nsearchives.nseindia.com/corporate/xbrl/SHP_1607805_21012026100750_WEB.xml,2026-06-04T17:23:42+00:00
2025Q4,31-DEC-2025,COLPAL,Colgate Palmolive (India) Limited,FMCG,Midcap,15.18,13.79,https://nsearchives.nseindia.com/corporate/xbrl/SHP_1598351_12012026091104_WEB.xml,2026-06-04T17:23:47+00:00
2025Q4,31-DEC-2025,CONCOR,Container Corporation of India Limited,Logistics,Midcap,9.06,28.69,https://nsearchives.nseindia.com/corporate/xbrl/SHP_1606569_21012026112538_WEB.xml,2026-06-04T17:23:52+00:00
2025Q4,31-DEC-2025,COROMANDEL,Coromandel International Limited,Chemicals,Midcap,13.8,16.7,https://nsearchives.nseindia.com/corporate/xbrl/SHP_1635589_13032026053352_WEB.xml,2026-06-04T17:23:57+00:00
2025Q4,31-DEC-2025,CUMMINSIND,Cummins India Limited,Capital Goods,Midcap,19.43,20.7,https://nsearchives.nseindia.com/corporate/xbrl/SHP_1605509_20012026033750_WEB.xml,2026-06-04T17:24:02+00:00
2025Q4,31-DEC-2025,DABUR,Dabur India Limited,FMCG,Nifty Next 50,10.05,18.38,https://nsearchives.nseindia.com/corporate/xbrl/SHP_1606077_20012026062030_WEB.xml,2026-05-22T16:51:05+00:00
2025Q4,31-DEC-2025,DEEPAKNTR,Deepak Nitrite Limited,Chemicals,Midcap,6.05,23.2,https://nsearchives.nseindia.com/corporate/xbrl/SHP_1604686_19012026063026_WEB.xml,2026-06-04T17:24:08+00:00
2025Q4,31-DEC-2025,DIVISLAB,Divi's Laboratories Limited,Pharma,Nifty 50,20.08,19.28,https://nsearchives.nseindia.com/corporate/xbrl/SHP_1597165_09012026110757_WEB.xml,2026-05-22T16:58:26+00:00
2025Q4,31-DEC-2025,DIXON,Dixon Technologies (India) Limited,Consumer Durables,Midcap,18.68,29.06,https://nsearchives.nseindia.com/corporate/xbrl/SHP_1606116_20012026063202_WEB.xml,2026-06-04T17:24:13+00:00
2025Q4,31-DEC-2025,DLF,DLF Limited,Realty,Nifty Next 50,14.81,5.78,https://nsearchives.nseindia.com/corporate/xbrl/SHP_1602668_16012026060241_WEB.xml,2026-05-22T16:51:13+00:00
2025Q4,31-DEC-2025,DMART,Avenue Supermarts Limited,Retail,Nifty Next 50,8.71,8.89,https://nsearchives.nseindia.com/corporate/xbrl/SHP_1664146_06052026064459_WEB.xml,2026-05-22T16:51:21+00:00
2025Q4,31-DEC-2025,DRREDDY,Dr. Reddy's Laboratories Limited,Pharma,Nifty 50,33.2,30.44,https://nsearchives.nseindia.com/corporate/xbrl/SHP_1605123_20012026121208_WEB.xml,2026-05-22T16:58:34+00:00
2025Q4,31-DEC-2025,EICHERMOT,Eicher Motors Limited,Auto,Nifty 50,27.01,14.74,https://nsearchives.nseindia.com/corporate/xbrl/SHP_1605377_20012026023931_WEB.xml,2026-05-22T16:58:42+00:00
2025Q4,31-DEC-2025,ESCORTS,Escorts Kubota Limited,Capital Goods,Midcap,5.25,12.2,https://nsearchives.nseindia.com/corporate/xbrl/SHP_1599892_13012026044438_WEB.xml,2026-06-04T17:24:18+00:00
2025Q4,31-DEC-2025,EXIDEIND,Exide Industries Limited,Auto,Midcap,10.92,18.71,https://nsearchives.nseindia.com/corporate/xbrl/SHP_1599898_13012026044752_WEB.xml,2026-06-04T17:24:23+00:00
2025Q4,31-DEC-2025,FEDERALBNK,The Federal Bank  Limited,Banking,Midcap,24.94,51.11,https://nsearchives.nseindia.com/corporate/xbrl/SHP_1601863_16012026095244_WEB.xml,2026-06-04T17:24:28+00:00
2025Q4,31-DEC-2025,GAIL,GAIL (India) Limited,Oil & Gas,Nifty Next 50,14.07,19.86,https://nsearchives.nseindia.com/corporate/xbrl/SHP_1618952_05022026032533_WEB.xml,2026-05-22T16:51:29+00:00
2025Q4,31-DEC-2025,GLAND,Gland Pharma Limited,Pharma,Midcap,7.58,32.98,https://nsearchives.nseindia.com/corporate/xbrl/SHP_1602551_16012026052655_WEB.xml,2026-06-04T17:24:34+00:00
2025Q4,31-DEC-2025,GODREJCP,Godrej Consumer Products Limited,FMCG,Nifty Next 50,15.41,16.48,https://nsearchives.nseindia.com/corporate/xbrl/SHP_1606399_20012026090117_WEB.xml,2026-05-22T16:51:37+00:00
2025Q4,31-DEC-2025,GODREJPROP,Godrej Properties Limited,Realty,Midcap,28.14,10.78,https://nsearchives.nseindia.com/corporate/xbrl/SHP_1598723_12012026033525_WEB.xml,2026-06-04T17:24:39+00:00
2025Q4,31-DEC-2025,GRASIM,Grasim Industries Limited,Cement,Nifty 50,16.79,16.99,https://nsearchives.nseindia.com/corporate/xbrl/SHP_1631892_02032026062229_WEB.xml,2026-05-22T16:58:50+00:00
2025Q4,31-DEC-2025,HAL,Hindustan Aeronautics Limited,Defence,Nifty Next 50,10.86,9.74,https://nsearchives.nseindia.com/corporate/xbrl/SHP_1598609_12012026023434_WEB.xml,2026-05-22T16:51:46+00:00
2025Q4,31-DEC-2025,HAVELLS,Havells India Limited,Consumer Durables,Nifty Next 50,17.97,16.7,https://nsearchives.nseindia.com/corporate/xbrl/SHP_1595957_07012026012249_WEB.xml,2026-05-22T16:51:54+00:00
2025Q4,31-DEC-2025,HCLTECH,HCL Technologies Limited,IT,Nifty 50,16.22,18.41,https://nsearchives.nseindia.com/corporate/xbrl/SHP_1602918_16012026083512_WEB.xml,2026-05-22T16:58:58+00:00
2025Q4,31-DEC-2025,HDFCAMC,HDFC Asset Management Company Limited,Financial Services,Midcap,23.99,14.89,https://nsearchives.nseindia.com/corporate/xbrl/SHP_1603872_19012026125839_WEB.xml,2026-06-04T17:24:44+00:00
2025Q4,31-DEC-2025,HDFCBANK,HDFC Bank Limited,Banking,Nifty 50,47.67,37.19,https://nsearchives.nseindia.com/corporate/xbrl/SHP_1595863_07012026112853_WEB.xml,2026-05-22T16:59:07+00:00
2025Q4,31-DEC-2025,HDFCLIFE,HDFC Life Insurance Company Limited,Insurance,Nifty 50,24.26,15.24,https://nsearchives.nseindia.com/corporate/xbrl/SHP_1660733_28042026112042_WEB.xml,2026-05-22T16:59:15+00:00
2025Q4,31-DEC-2025,HEROMOTOCO,Hero MotoCorp Limited,Auto,Nifty 50,29.44,26.36,https://nsearchives.nseindia.com/corporate/xbrl/SHP_1606098_20012026062645_WEB.xml,2026-05-22T16:59:24+00:00
2025Q4,31-DEC-2025,HINDALCO,Hindalco Industries Limited,Metals,Nifty 50,32.33,23.29,https://nsearchives.nseindia.com/corporate/xbrl/SHP_1606865_21012026024716_WEB.xml,2026-05-22T16:59:32+00:00
2025Q4,31-DEC-2025,HINDPETRO,Hindustan Petroleum Corporation Limited,Oil & Gas,Midcap,16.36,20.66,https://nsearchives.nseindia.com/corporate/xbrl/SHP_1599911_13012026045225_WEB.xml,2026-06-04T17:24:50+00:00
2025Q4,31-DEC-2025,HINDUNILVR,Hindustan Unilever Limited,FMCG,Nifty 50,10.71,15.75,https://nsearchives.nseindia.com/corporate/xbrl/SHP_1606287_20012026073543_WEB.xml,2026-05-22T16:59:40+00:00
2025Q4,31-DEC-2025,HINDZINC,Hindustan Zinc Limited,Metals,Nifty Next 50,1.54,4.69,https://nsearchives.nseindia.com/corporate/xbrl/SHP_1597664_09012026052157_WEB.xml,2026-05-22T16:52:02+00:00
2025Q4,31-DEC-2025,HONAUT,Honeywell Automation India Limited,Capital Goods,Midcap,3.46,11.54,https://nsearchives.nseindia.com/corporate/xbrl/SHP_1606734_21012026010331_WEB.xml,2026-06-04T17:24:55+00:00
2025Q4,31-DEC-2025,HYUNDAI,Hyundai Motor India Limited,Auto,Nifty Next 50,6.43,8.59,https://nsearchives.nseindia.com/corporate/xbrl/SHP_1605535_20012026035131_WEB.xml,2026-05-22T16:52:10+00:00
2025Q4,31-DEC-2025,ICICIBANK,ICICI Bank Limited,Banking,Nifty 50,43.87,46.73,https://nsearchives.nseindia.com/corporate/xbrl/SHP_1601982_16012026121720_WEB.xml,2026-05-22T16:59:48+00:00
2025Q4,31-DEC-2025,ICICIGI,ICICI Lombard General Insurance Company Limited,Insurance,Nifty Next 50,23.35,18.36,https://nsearchives.nseindia.com/corporate/xbrl/SHP_1607765_21012026084909_WEB.xml,2026-05-22T16:52:18+00:00
2025Q4,31-DEC-2025,ICICIPRULI,ICICI Prudential Life Insurance Company Limited,Insurance,Nifty Next 50,11.48,10.41,https://nsearchives.nseindia.com/corporate/xbrl/SHP_1607365_21012026054505_WEB.xml,2026-05-22T16:52:27+00:00
2025Q4,31-DEC-2025,IDEA,Vodafone Idea Limited,Telecom,Midcap,6.0,5.61,https://nsearchives.nseindia.com/corporate/xbrl/SHP_1606823_21012026021113_WEB.xml,2026-06-04T17:25:00+00:00
2025Q4,31-DEC-2025,IDFCFIRSTB,IDFC First Bank Limited,Banking,Midcap,36.75,22.39,https://nsearchives.nseindia.com/corporate/xbrl/SHP_1605909_20012026053635_WEB.xml,2026-06-04T17:25:05+00:00
2025Q4,31-DEC-2025,IGL,Indraprastha Gas Limited,Oil & Gas,Midcap,16.99,24.18,https://nsearchives.nseindia.com/corporate/xbrl/SHP_1596778_08012026041557_WEB.xml,2026-06-04T17:25:11+00:00
2025Q4,31-DEC-2025,INDHOTEL,The Indian Hotels Company Limited,Hospitality,Nifty Next 50,25.08,20.79,https://nsearchives.nseindia.com/corporate/xbrl/SHP_1621660_09022026052517_WEB.xml,2026-05-22T16:52:35+00:00
2025Q4,31-DEC-2025,INDIANB,Indian Bank,Banking,Midcap,5.64,17.82,https://nsearchives.nseindia.com/corporate/xbrl/SHP_1600173_13012026061614_WEB.xml,2026-06-04T17:25:16+00:00
2025Q4,31-DEC-2025,INDIGO,InterGlobe Aviation Limited,Aviation,Nifty Next 50,24.99,28.13,https://nsearchives.nseindia.com/corporate/xbrl/SHP_1605220_20012026125555_WEB.xml,2026-05-22T16:52:44+00:00
2025Q4,31-DEC-2025,INDUSINDBK,IndusInd Bank Limited,Banking,Nifty 50,31.6,35.38,https://nsearchives.nseindia.com/corporate/xbrl/SHP_1601138_14012026071223_WEB.xml,2026-05-22T16:59:56+00:00
2025Q4,31-DEC-2025,INDUSTOWER,Indus Towers Limited,Telecom,Nifty Next 50,25.92,18.95,https://nsearchives.nseindia.com/corporate/xbrl/SHP_1607016_21012026035024_WEB.xml,2026-05-22T16:52:52+00:00
2025Q4,31-DEC-2025,INFY,Infosys Limited,IT,Nifty 50,30.26,41.27,https://nsearchives.nseindia.com/corporate/xbrl/SHP_1603602_18012026053756_WEB.xml,2026-05-22T17:00:04+00:00
2025Q4,31-DEC-2025,IOB,Indian Overseas Bank,Banking,Midcap,0.35,4.27,https://nsearchives.nseindia.com/corporate/xbrl/SHP_1598344_11012026053049_WEB.xml,2026-06-04T17:25:21+00:00
2025Q4,31-DEC-2025,IOC,Indian Oil Corporation Limited,Oil & Gas,Nifty Next 50,8.58,10.11,https://nsearchives.nseindia.com/corporate/xbrl/SHP_1603909_19012026011258_WEB.xml,2026-05-22T16:53:00+00:00
2025Q4,31-DEC-2025,IPCALAB,IPCA Laboratories Limited,Pharma,Midcap,10.63,37.32,https://nsearchives.nseindia.com/corporate/xbrl/SHP_1600704_14012026034809_WEB.xml,2026-06-04T17:25:26+00:00
2025Q4,31-DEC-2025,IRCTC,Indian Railway Catering And Tourism Corporation Limited,Consumer Services,Nifty Next 50,7.19,14.02,https://nsearchives.nseindia.com/corporate/xbrl/SHP_1601699_15012026054553_WEB.xml,2026-05-22T16:53:08+00:00
2025Q4,31-DEC-2025,IRFC,Indian Railway Finance Corporation Limited,Financial Services,Nifty Next 50,0.98,1.55,https://nsearchives.nseindia.com/corporate/xbrl/SHP_1604381_19012026045342_WEB.xml,2026-05-22T16:53:16+00:00
2025Q4,31-DEC-2025,ITC,ITC Limited,FMCG,Nifty 50,36.11,48.89,https://nsearchives.nseindia.com/corporate/xbrl/SHP_1605648_20012026042545_WEB.xml,2026-05-22T17:00:13+00:00
2025Q4,31-DEC-2025,JINDALSTEL,JINDAL STEEL LIMITED,Metals,Nifty Next 50,9.02,19.09,https://nsearchives.nseindia.com/corporate/xbrl/SHP_1605477_20012026032236_WEB.xml,2026-05-22T16:53:24+00:00
2025Q4,31-DEC-2025,JIOFIN,Jio Financial Services Limited,Financial Services,Nifty Next 50,11.55,15.45,https://nsearchives.nseindia.com/corporate/xbrl/SHP_1606615_21012026120009_WEB.xml,2026-05-22T16:53:32+00:00
2025Q4,31-DEC-2025,JSL,Jindal Stainless Limited,Metals,Midcap,21.53,7.22,https://nsearchives.nseindia.com/corporate/xbrl/SHP_1603989_19012026021000_WEB.xml,2026-06-04T17:25:31+00:00
2025Q4,31-DEC-2025,JSWSTEEL,JSW Steel Limited,Metals,Nifty 50,25.38,11.05,https://nsearchives.nseindia.com/corporate/xbrl/SHP_1604057_19012026030244_WEB.xml,2026-05-22T17:00:21+00:00
2025Q4,31-DEC-2025,JUBLFOOD,Jubilant Foodworks Limited,Consumer Services,Midcap,18.58,34.98,https://nsearchives.nseindia.com/corporate/xbrl/SHP_1603748_19012026114031_WEB.xml,2026-06-04T17:25:37+00:00
2025Q4,31-DEC-2025,KOTAKBANK,Kotak Mahindra Bank Limited,Banking,Nifty 50,29.36,32.88,https://nsearchives.nseindia.com/corporate/xbrl/SHP_1602447_16012026044851_WEB.xml,2026-05-22T17:00:29+00:00
2025Q4,31-DEC-2025,KPITTECH,KPIT Technologies Limited,IT,Midcap,13.57,25.35,https://nsearchives.nseindia.com/corporate/xbrl/SHP_1605298_20012026012839_WEB.xml,2026-06-04T17:25:42+00:00
2025Q4,31-DEC-2025,LICHSGFIN,LIC Housing Finance Limited,Financial Services,Midcap,20.36,21.81,https://nsearchives.nseindia.com/corporate/xbrl/SHP_1602019_16012026125158_WEB.xml,2026-06-04T17:25:47+00:00
2025Q4,31-DEC-2025,LICI,Life Insurance Corporation Of India,Insurance,Nifty Next 50,0.2,1.34,https://nsearchives.nseindia.com/corporate/xbrl/SHP_1602507_16012026051241_WEB.xml,2026-05-22T16:53:40+00:00
2025Q4,31-DEC-2025,LODHA,Lodha Developers Limited,Realty,Nifty Next 50,23.49,3.17,https://nsearchives.nseindia.com/corporate/xbrl/SHP_1605051_20012026113740_WEB.xml,2026-05-22T16:53:48+00:00
2025Q4,31-DEC-2025,LT,Larsen & Toubro Limited,Infrastructure,Nifty 50,20.06,42.99,https://nsearchives.nseindia.com/corporate/xbrl/SHP_1607244_21012026050656_WEB.xml,2026-05-22T17:00:37+00:00
2025Q4,31-DEC-2025,LTF,L&T Finance Limited,Financial Services,Midcap,6.66,15.33,https://nsearchives.nseindia.com/corporate/xbrl/SHP_1597004_08012026064216_WEB.xml,2026-06-04T17:25:57+00:00
2025Q4,31-DEC-2025,LTTS,L&T Technology Services Limited,IT,Midcap,4.23,14.57,https://nsearchives.nseindia.com/corporate/xbrl/SHP_1600071_13012026054527_WEB.xml,2026-06-04T17:26:02+00:00
2025Q4,31-DEC-2025,LUPIN,Lupin Limited,Pharma,Midcap,21.49,25.58,https://nsearchives.nseindia.com/corporate/xbrl/SHP_1605603_20012026041357_WEB.xml,2026-06-04T17:25:52+00:00
2025Q4,31-DEC-2025,M&M,Mahindra & Mahindra Limited,Auto,Nifty 50,37.49,30.44,https://nsearchives.nseindia.com/corporate/xbrl/SHP_1607644_21012026072018_WEB.xml,2026-05-22T17:00:45+00:00
2025Q4,31-DEC-2025,M&MFIN,Mahindra & Mahindra Financial Services Limited,Financial Services,Midcap,9.11,32.35,https://nsearchives.nseindia.com/corporate/xbrl/SHP_1602875_16012026074456_WEB.xml,2026-06-04T17:26:08+00:00
2025Q4,31-DEC-2025,MARICO,Marico Limited,FMCG,Nifty Next 50,24.01,12.34,https://nsearchives.nseindia.com/corporate/xbrl/SHP_1607161_21012026043947_WEB.xml,2026-05-22T16:53:56+00:00
2025Q4,31-DEC-2025,MARUTI,Maruti Suzuki India Limited,Auto,Nifty 50,15.76,22.91,https://nsearchives.nseindia.com/corporate/xbrl/SHP_1606718_21012026125734_WEB.xml,2026-05-22T17:00:54+00:00
2025Q4,31-DEC-2025,MFSL,Max Financial Services Limited,Insurance,Midcap,45.14,47.35,https://nsearchives.nseindia.com/corporate/xbrl/SHP_1601478_15012026030255_WEB.xml,2026-06-04T17:26:13+00:00
2025Q4,31-DEC-2025,MGL,Mahanagar Gas Limited,Oil & Gas,Midcap,24.89,20.83,https://nsearchives.nseindia.com/corporate/xbrl/SHP_1604829_19012026072601_WEB.xml,2026-06-04T17:26:19+00:00
2025Q4,31-DEC-2025,MOTHERSON,Samvardhana Motherson International Limited,Auto,Nifty Next 50,11.75,21.61,https://nsearchives.nseindia.com/corporate/xbrl/SHP_1606143_20012026064430_WEB.xml,2026-05-22T16:54:04+00:00
2025Q4,31-DEC-2025,MOTILALOFS,Motilal Oswal Financial Services Limited,Financial Services,Midcap,6.93,6.42,https://nsearchives.nseindia.com/corporate/xbrl/SHP_1607622_21012026071029_WEB.xml,2026-06-04T17:26:25+00:00
2025Q4,31-DEC-2025,MPHASIS,MphasiS Limited,IT,Midcap,19.79,45.25,https://nsearchives.nseindia.com/corporate/xbrl/SHP_1602802_16012026065833_WEB.xml,2026-06-04T17:26:30+00:00
2025Q4,31-DEC-2025,MRF,MRF Limited,Auto,Midcap,18.17,12.51,https://nsearchives.nseindia.com/corporate/xbrl/SHP_1603652_19012026102803_WEB.xml,2026-06-04T17:26:36+00:00
2025Q4,31-DEC-2025,MUTHOOTFIN,Muthoot Finance Limited,Financial Services,Midcap,11.75,11.13,https://nsearchives.nseindia.com/corporate/xbrl/SHP_1605617_20012026041748_WEB.xml,2026-06-04T17:26:41+00:00
2025Q4,31-DEC-2025,NAM-INDIA,Nippon Life India Asset Management Limited,Financial Services,Midcap,7.9,13.84,https://nsearchives.nseindia.com/corporate/xbrl/SHP_1627267_18022026112140_WEB.xml,2026-06-04T17:26:47+00:00
2025Q4,31-DEC-2025,NAUKRI,Info Edge (India) Limited,Consumer Services,Nifty Next 50,29.66,22.49,https://nsearchives.nseindia.com/corporate/xbrl/SHP_1603728_19012026112714_WEB.xml,2026-05-22T16:54:12+00:00
2025Q4,31-DEC-2025,NESTLEIND,Nestle India Limited,FMCG,Nifty 50,9.81,12.09,https://nsearchives.nseindia.com/corporate/xbrl/SHP_1607636_21012026071752_WEB.xml,2026-05-22T17:01:02+00:00
2025Q4,31-DEC-2025,NHPC,NHPC Limited,Power,Nifty Next 50,10.39,10.32,https://nsearchives.nseindia.com/corporate/xbrl/SHP_1597672_09012026052446_WEB.xml,2026-05-22T16:54:20+00:00
2025Q4,31-DEC-2025,NMDC,NMDC Limited,Mining,Nifty Next 50,13.47,14.07,https://nsearchives.nseindia.com/corporate/xbrl/SHP_1605024_20012026111408_WEB.xml,2026-05-22T16:54:28+00:00
2025Q4,31-DEC-2025,NTPC,NTPC Limited,Power,Nifty 50,16.24,29.19,https://nsearchives.nseindia.com/corporate/xbrl/SHP_1600995_14012026055347_WEB.xml,2026-05-22T17:01:10+00:00
2025Q4,31-DEC-2025,NYKAA,FSN E-Commerce Ventures Limited,Consumer Services,Midcap,12.14,25.35,https://nsearchives.nseindia.com/corporate/xbrl/SHP_1606240_20012026071553_WEB.xml,2026-06-04T17:26:52+00:00
2025Q4,31-DEC-2025,OBEROIRLTY,Oberoi Realty Limited,Realty,Midcap,16.58,13.46,https://nsearchives.nseindia.com/corporate/xbrl/SHP_1606974_21012026033450_WEB.xml,2026-06-04T17:26:58+00:00
2025Q4,31-DEC-2025,OFSS,Oracle Financial Services Software Limited,IT,Midcap,8.36,8.82,https://nsearchives.nseindia.com/corporate/xbrl/SHP_1599904_13012026044942_WEB.xml,2026-06-04T17:27:03+00:00
2025Q4,31-DEC-2025,ONGC,Oil & Natural Gas Corporation Limited,Oil & Gas,Nifty 50,7.42,19.69,https://nsearchives.nseindia.com/corporate/xbrl/SHP_1606373_20012026082812_WEB.xml,2026-05-22T17:01:18+00:00
2025Q4,31-DEC-2025,PAGEIND,Page Industries Limited,Textiles,Midcap,20.72,31.49,https://nsearchives.nseindia.com/corporate/xbrl/SHP_1600894_14012026051205_WEB.xml,2026-06-04T17:27:09+00:00
2025Q4,31-DEC-2025,PATANJALI,Patanjali Foods Limited,FMCG,Midcap,10.82,13.04,https://nsearchives.nseindia.com/corporate/xbrl/SHP_1603800_19012026121902_WEB.xml,2026-06-04T17:27:14+00:00
2025Q4,31-DEC-2025,PAYTM,One 97 Communications Limited,Financial Services,Midcap,51.76,20.32,https://nsearchives.nseindia.com/corporate/xbrl/SHP_1598873_12012026050423_WEB.xml,2026-06-04T17:27:20+00:00
2025Q4,31-DEC-2025,PERSISTENT,Persistent Systems Limited,IT,Midcap,22.8,29.82,https://nsearchives.nseindia.com/corporate/xbrl/SHP_1629489_24022026044924_WEB.xml,2026-06-04T17:27:31+00:00
2025Q4,31-DEC-2025,PETRONET,Petronet LNG Limited,Oil & Gas,Midcap,26.3,13.45,https://nsearchives.nseindia.com/corporate/xbrl/SHP_1606370_20012026082323_WEB.xml,2026-06-04T17:27:37+00:00
2025Q4,31-DEC-2025,PFC,Power Finance Corporation Limited,Financial Services,Nifty Next 50,18.33,15.48,https://nsearchives.nseindia.com/corporate/xbrl/SHP_1595389_06012026011608_WEB.xml,2026-05-22T16:54:36+00:00
2025Q4,31-DEC-2025,PHOENIXLTD,The Phoenix Mills Limited,Realty,Midcap,33.85,15.26,https://nsearchives.nseindia.com/corporate/xbrl/SHP_1599687_13012026033230_WEB.xml,2026-06-04T17:27:42+00:00
2025Q4,31-DEC-2025,PIDILITIND,Pidilite Industries Limited,Chemicals,Nifty Next 50,12.0,9.26,https://nsearchives.nseindia.com/corporate/xbrl/SHP_1606227_20012026071128_WEB.xml,2026-05-22T16:54:44+00:00
2025Q4,31-DEC-2025,PIIND,PI Industries Limited,Chemicals,Midcap,15.97,31.08,https://nsearchives.nseindia.com/corporate/xbrl/SHP_1605907_20012026053607_WEB.xml,2026-06-04T17:27:47+00:00
2025Q4,31-DEC-2025,PNB,Punjab National Bank,Banking,Midcap,5.94,16.08,https://nsearchives.nseindia.com/corporate/xbrl/SHP_1602067_16012026013413_WEB.xml,2026-06-04T17:27:53+00:00
2025Q4,31-DEC-2025,POLICYBZR,PB Fintech Limited,Financial Services,Midcap,40.77,29.54,https://nsearchives.nseindia.com/corporate/xbrl/SHP_1605204_20012026124908_WEB.xml,2026-06-04T17:27:58+00:00
2025Q4,31-DEC-2025,POLYCAB,Polycab India Limited,Consumer Durables,Midcap,14.82,11.13,https://nsearchives.nseindia.com/corporate/xbrl/SHP_1606875_21012026025304_WEB.xml,2026-06-04T17:28:03+00:00
2025Q4,31-DEC-2025,POWERGRID,Power Grid Corporation of India Limited,Power,Nifty 50,24.73,20.26,https://nsearchives.nseindia.com/corporate/xbrl/SHP_1601066_14012026063807_WEB.xml,2026-05-22T17:01:26+00:00
2025Q4,31-DEC-2025,PRESTIGE,Prestige Estates Projects Limited,Realty,Midcap,15.72,20.96,https://nsearchives.nseindia.com/corporate/xbrl/SHP_1606068_20012026061808_WEB.xml,2026-06-04T17:28:09+00:00
2025Q4,31-DEC-2025,RECLTD,REC Limited,Financial Services,Nifty Next 50,16.46,16.22,https://nsearchives.nseindia.com/corporate/xbrl/SHP_1601899_16012026105628_WEB.xml,2026-05-22T16:54:52+00:00
2025Q4,31-DEC-2025,RELIANCE,Reliance Industries Limited,Conglomerate,Nifty 50,19.09,20.18,https://nsearchives.nseindia.com/corporate/xbrl/SHP_1607627_21012026071311_WEB.xml,2026-05-22T17:01:35+00:00
2025Q4,31-DEC-2025,RVNL,Rail Vikas Nigam Limited,Infrastructure,Midcap,4.98,6.38,https://nsearchives.nseindia.com/corporate/xbrl/SHP_1605135_20012026121731_WEB.xml,2026-06-04T17:28:15+00:00
2025Q4,31-DEC-2025,SAIL,Steel Authority of India Limited,Metals,Midcap,4.53,17.84,https://nsearchives.nseindia.com/corporate/xbrl/SHP_1604279_19012026042113_WEB.xml,2026-06-04T17:28:20+00:00
2025Q4,31-DEC-2025,SBICARD,SBI Cards and Payment Services Limited,Financial Services,Nifty Next 50,10.15,17.85,https://nsearchives.nseindia.com/corporate/xbrl/SHP_1605363_20012026022836_WEB.xml,2026-05-22T16:55:00+00:00
2025Q4,31-DEC-2025,SBILIFE,SBI Life Insurance Company Limited,Insurance,Nifty 50,21.88,18.72,https://nsearchives.nseindia.com/corporate/xbrl/SHP_1599964_13012026051219_WEB.xml,2026-05-22T17:01:43+00:00
2025Q4,31-DEC-2025,SBIN,State Bank of India,Banking,Nifty 50,10.34,27.17,https://nsearchives.nseindia.com/corporate/xbrl/SHP_1604495_19012026052913_WEB.xml,2026-05-22T17:01:51+00:00
2025Q4,31-DEC-2025,SHREECEM,SHREE CEMENT LIMITED,Cement,Nifty Next 50,10.08,14.84,https://nsearchives.nseindia.com/corporate/xbrl/SHP_1600977_14012026054235_WEB.xml,2026-05-22T16:55:08+00:00
2025Q4,31-DEC-2025,SHRIRAMFIN,Shriram Finance Limited,Financial Services,Nifty Next 50,47.22,21.3,https://nsearchives.nseindia.com/corporate/xbrl/SHP_1605258_20012026011003_WEB.xml,2026-05-22T16:55:17+00:00
2025Q4,31-DEC-2025,SIEMENS,Siemens Limited,Capital Goods,Nifty Next 50,6.85,8.36,https://nsearchives.nseindia.com/corporate/xbrl/SHP_1606929_21012026031349_WEB.xml,2026-05-22T16:55:25+00:00
2025Q4,31-DEC-2025,SOLARINDS,Solar Industries India Limited,Chemicals,Midcap,6.74,12.91,https://nsearchives.nseindia.com/corporate/xbrl/SHP_1597309_09012026010535_WEB.xml,2026-06-04T17:28:26+00:00
2025Q4,31-DEC-2025,SONACOMS,Sona BLW Precision Forgings Limited,Auto,Midcap,23.89,40.73,https://nsearchives.nseindia.com/corporate/xbrl/SHP_1605147_20012026122515_WEB.xml,2026-06-04T17:28:32+00:00
2025Q4,31-DEC-2025,SRF,SRF Limited,Chemicals,Midcap,17.48,20.18,https://nsearchives.nseindia.com/corporate/xbrl/SHP_1605373_20012026023811_WEB.xml,2026-06-04T17:28:38+00:00
2025Q4,31-DEC-2025,SUNDARMFIN,Sundaram Finance Limited,Financial Services,Midcap,19.13,7.43,https://nsearchives.nseindia.com/corporate/xbrl/SHP_1603945_19012026012935_WEB.xml,2026-06-04T17:28:44+00:00
2025Q4,31-DEC-2025,SUNPHARMA,Sun Pharmaceutical Industries Limited,Pharma,Nifty 50,16.12,20.82,https://nsearchives.nseindia.com/corporate/xbrl/SHP_1601600_15012026043651_WEB.xml,2026-05-22T17:02:00+00:00
2025Q4,31-DEC-2025,SUPREMEIND,Supreme Industries Limited,Consumer Durables,Midcap,19.23,17.21,https://nsearchives.nseindia.com/corporate/xbrl/SHP_1599808_13012026041429_WEB.xml,2026-06-04T17:28:50+00:00
2025Q4,31-DEC-2025,SUZLON,Suzlon Energy Limited,Power,Midcap,23.73,9.24,https://nsearchives.nseindia.com/corporate/xbrl/SHP_1597748_09012026055257_WEB.xml,2026-06-04T17:28:55+00:00
2025Q4,31-DEC-2025,SWIGGY,Swiggy Limited,Consumer Services,Nifty Next 50,16.07,22.53,https://nsearchives.nseindia.com/corporate/xbrl/SHP_1597620_09012026050146_WEB.xml,2026-05-22T16:55:33+00:00
2025Q4,31-DEC-2025,SYNGENE,Syngene International Limited,Pharma,Midcap,14.96,25.84,https://nsearchives.nseindia.com/corporate/xbrl/SHP_1603615_18012026115720_WEB.xml,2026-06-04T17:29:01+00:00
2025Q4,31-DEC-2025,TATACHEM,Tata Chemicals Limited,Chemicals,Midcap,12.26,22.39,https://nsearchives.nseindia.com/corporate/xbrl/SHP_1606982_21012026033807_WEB.xml,2026-06-04T17:29:06+00:00
2025Q4,31-DEC-2025,TATACOMM,Tata Communications Limited,Telecom,Midcap,14.46,18.49,https://nsearchives.nseindia.com/corporate/xbrl/SHP_1607266_21012026051226_WEB.xml,2026-06-04T17:29:11+00:00
2025Q4,31-DEC-2025,TATACONSUM,TATA CONSUMER PRODUCTS LIMITED,FMCG,Nifty 50,21.19,23.47,https://nsearchives.nseindia.com/corporate/xbrl/SHP_1606946_21012026032234_WEB.xml,2026-05-22T17:02:08+00:00
2025Q4,31-DEC-2025,TATAELXSI,Tata Elxsi Limited,IT,Midcap,8.57,12.29,https://nsearchives.nseindia.com/corporate/xbrl/SHP_1607009_21012026034644_WEB.xml,2026-06-04T17:29:17+00:00
2025Q4,31-DEC-2025,TATAPOWER,Tata Power Company Limited,Power,Nifty Next 50,10.0,17.52,https://nsearchives.nseindia.com/corporate/xbrl/SHP_1607309_21012026052838_WEB.xml,2026-05-22T16:55:41+00:00
2025Q4,31-DEC-2025,TATASTEEL,Tata Steel Limited,Metals,Nifty 50,17.96,27.16,https://nsearchives.nseindia.com/corporate/xbrl/SHP_1606440_20012026112030_WEB.xml,2026-05-22T17:02:18+00:00
2025Q4,31-DEC-2025,TCS,Tata Consultancy Services Limited,IT,Nifty 50,10.37,12.87,https://nsearchives.nseindia.com/corporate/xbrl/SHP_1607586_21012026065700_WEB.xml,2026-05-22T17:02:26+00:00
2025Q4,31-DEC-2025,TECHM,Tech Mahindra Limited,IT,Nifty 50,17.94,37.79,https://nsearchives.nseindia.com/corporate/xbrl/SHP_1607703_21012026075206_WEB.xml,2026-05-22T17:02:34+00:00
2025Q4,31-DEC-2025,TIINDIA,Tube Investments of India Limited,Auto,Midcap,23.15,19.67,https://nsearchives.nseindia.com/corporate/xbrl/SHP_1606200_20012026070417_WEB.xml,2026-06-04T17:29:23+00:00
2025Q4,31-DEC-2025,TITAN,Titan Company Limited,Consumer Goods,Nifty 50,15.55,15.0,https://nsearchives.nseindia.com/corporate/xbrl/SHP_1606864_21012026024634_WEB.xml,2026-05-22T17:02:42+00:00
2025Q4,31-DEC-2025,TORNTPHARM,Torrent Pharmaceuticals Limited,Pharma,Midcap,16.13,9.14,https://nsearchives.nseindia.com/corporate/xbrl/SHP_1594668_03012026011705_WEB.xml,2026-06-04T17:29:28+00:00
2025Q4,31-DEC-2025,TORNTPOWER,Torrent Power Limited,Power,Midcap,8.32,22.73,https://nsearchives.nseindia.com/corporate/xbrl/SHP_1597059_08012026071235_WEB.xml,2026-06-04T17:29:33+00:00
2025Q4,31-DEC-2025,TRENT,Trent Limited,Retail,Nifty Next 50,15.62,21.5,https://nsearchives.nseindia.com/corporate/xbrl/SHP_1606870_21012026024941_WEB.xml,2026-05-22T16:55:50+00:00
2025Q4,31-DEC-2025,TVSMOTOR,TVS Motor Company Limited,Auto,Nifty Next 50,23.09,18.29,https://nsearchives.nseindia.com/corporate/xbrl/SHP_1606515_21012026105129_WEB.xml,2026-06-04T18:22:15+00:00
2025Q4,31-DEC-2025,ULTRACEMCO,UltraTech Cement Limited,Cement,Nifty 50,14.93,17.45,https://nsearchives.nseindia.com/corporate/xbrl/SHP_1605356_20012026022505_WEB.xml,2026-05-22T17:02:51+00:00
2025Q4,31-DEC-2025,UNIONBANK,Union Bank of India,Banking,Midcap,8.14,11.9,https://nsearchives.nseindia.com/corporate/xbrl/SHP_1604468_19012026052257_WEB.xml,2026-06-04T17:29:39+00:00
2025Q4,31-DEC-2025,UNITDSPR,United Spirits Limited,FMCG,Nifty Next 50,14.12,15.37,https://nsearchives.nseindia.com/corporate/xbrl/SHP_1604778_19012026070312_WEB.xml,2026-06-04T18:22:20+00:00
2025Q4,31-DEC-2025,UPL,UPL Limited,Chemicals,Nifty 50,40.99,16.72,https://nsearchives.nseindia.com/corporate/xbrl/SHP_1597895_09012026070201_WEB.xml,2026-05-22T17:02:59+00:00
2025Q4,31-DEC-2025,VBL,Varun Beverages Limited,FMCG,Nifty Next 50,20.31,13.56,https://nsearchives.nseindia.com/corporate/xbrl/SHP_1598638_12012026025613_WEB.xml,2026-06-04T18:22:25+00:00
2025Q4,31-DEC-2025,VEDL,Vedanta Limited,Metals,Nifty Next 50,12.15,15.3,https://nsearchives.nseindia.com/corporate/xbrl/SHP_1606736_21012026010357_WEB.xml,2026-06-04T18:22:30+00:00
2025Q4,31-DEC-2025,VOLTAS,Voltas Limited,Consumer Durables,Midcap,18.41,37.89,https://nsearchives.nseindia.com/corporate/xbrl/SHP_1607773_21012026090536_WEB.xml,2026-06-04T17:29:45+00:00
2025Q4,31-DEC-2025,WIPRO,Wipro Limited,IT,Nifty 50,10.49,8.38,https://nsearchives.nseindia.com/corporate/xbrl/SHP_1598295_10012026063558_WEB.xml,2026-05-22T17:03:07+00:00
2025Q4,31-DEC-2025,YESBANK,Yes Bank Limited,Banking,Midcap,45.73,21.14,https://nsearchives.nseindia.com/corporate/xbrl/SHP_1603535_17012026070503_WEB.xml,2026-05-22T16:49:18+00:00
2025Q4,31-DEC-2025,ZEEL,Zee Entertainment Enterprises Limited,Media,Midcap,24.21,12.1,https://nsearchives.nseindia.com/corporate/xbrl/SHP_1604406_19012026050433_WEB.xml,2026-05-22T16:49:26+00:00
2025Q4,31-DEC-2025,ZYDUSLIFE,Zydus Lifesciences Limited,Pharma,Nifty Next 50,7.06,11.09,https://nsearchives.nseindia.com/corporate/xbrl/SHP_1673801_27052026022340_WEB.xml,2026-06-04T18:22:36+00:00
2026Q1,31-MAR-2026,ABB,ABB India Limited,Capital Goods,Nifty Next 50,8.2,9.29,https://nsearchives.nseindia.com/corporate/xbrl/SHP_1653405_17042026054202_WEB.xml,2026-05-22T16:49:33+00:00
2026Q1,31-MAR-2026,ABCAPITAL,Aditya Birla Capital Limited,Financial Services,Midcap,7.7,13.82,https://nsearchives.nseindia.com/corporate/xbrl/SHP_1654839_20042026030112_WEB.xml,2026-06-04T17:22:04+00:00
2026Q1,31-MAR-2026,ABFRL,Aditya Birla Fashion and Retail Limited,Retail,Midcap,15.52,6.62,https://nsearchives.nseindia.com/corporate/xbrl/SHP_1655802_21042026113537_WEB.xml,2026-06-04T17:22:10+00:00
2026Q1,31-MAR-2026,ACC,ACC Limited,Cement,Midcap,5.93,21.61,https://nsearchives.nseindia.com/corporate/xbrl/SHP_1649215_11042026091421_WEB.xml,2026-06-04T17:22:15+00:00
2026Q1,31-MAR-2026,ADANIENT,Adani Enterprises Limited,Conglomerate,Nifty 50,10.8,6.7,https://nsearchives.nseindia.com/corporate/xbrl/SHP_1649141_10042026073855_WEB.xml,2026-06-04T18:22:41+00:00
2026Q1,31-MAR-2026,ADANIGREEN,Adani Green Energy Limited,Power,Nifty Next 50,11.1,4.56,https://nsearchives.nseindia.com/corporate/xbrl/SHP_1645769_03042026035429_WEB.xml,2026-05-22T16:49:41+00:00
2026Q1,31-MAR-2026,ADANIPORTS,Adani Ports and Special Economic Zone Limited,Infrastructure,Nifty 50,13.25,13.85,https://nsearchives.nseindia.com/corporate/xbrl/SHP_1648459_10042026113833_WEB.xml,2026-06-04T18:22:46+00:00
2026Q1,31-MAR-2026,ADANIPOWER,Adani Power Limited,Power,Nifty Next 50,11.74,3.69,https://nsearchives.nseindia.com/corporate/xbrl/SHP_1648849_10042026050852_WEB.xml,2026-05-22T16:49:50+00:00
2026Q1,31-MAR-2026,ALKEM,Alkem Laboratories Limited,Pharma,Midcap,10.16,21.4,https://nsearchives.nseindia.com/corporate/xbrl/SHP_1651248_15042026031216_WEB.xml,2026-06-04T17:22:20+00:00
2026Q1,31-MAR-2026,AMBUJACEM,Ambuja Cements Limited,Cement,Nifty Next 50,5.87,20.07,https://nsearchives.nseindia.com/corporate/xbrl/SHP_1649092_10042026070401_WEB.xml,2026-05-22T16:49:58+00:00
2026Q1,31-MAR-2026,APLAPOLLO,APL Apollo Tubes Limited,Metals,Midcap,37.51,16.05,https://nsearchives.nseindia.com/corporate/xbrl/SHP_1651360_15042026040250_WEB.xml,2026-06-04T17:22:26+00:00
2026Q1,31-MAR-2026,APOLLOHOSP,Apollo Hospitals Enterprise Limited,Healthcare,Nifty 50,42.62,22.76,https://nsearchives.nseindia.com/corporate/xbrl/SHP_1648111_09042026045634_WEB.xml,2026-06-04T18:22:51+00:00
2026Q1,31-MAR-2026,ASHOKLEY,Ashok Leyland Limited,Auto,Midcap,24.57,13.06,https://nsearchives.nseindia.com/corporate/xbrl/SHP_1656064_21042026023508_WEB.xml,2026-06-04T17:22:31+00:00
2026Q1,31-MAR-2026,ASIANPAINT,Asian Paints Limited,Consumer Goods,Nifty 50,12.11,21.81,https://nsearchives.nseindia.com/corporate/xbrl/SHP_1655573_20042026075747_WEB.xml,2026-06-04T18:22:56+00:00
2026Q1,31-MAR-2026,ASTRAL,Astral Limited,Consumer Durables,Midcap,14.5,21.29,https://nsearchives.nseindia.com/corporate/xbrl/SHP_1652425_16042026053027_WEB.xml,2026-06-04T17:22:36+00:00
2026Q1,31-MAR-2026,ATGL,Adani Total Gas Limited,Oil & Gas,Nifty Next 50,12.75,6.26,https://nsearchives.nseindia.com/corporate/xbrl/SHP_1648703_10042026033150_WEB.xml,2026-05-22T16:50:06+00:00
2026Q1,31-MAR-2026,AUBANK,AU Small Finance Bank Limited,Banking,Midcap,37.26,31.3,https://nsearchives.nseindia.com/corporate/xbrl/SHP_1655100_20042026045414_WEB.xml,2026-06-04T17:22:42+00:00
2026Q1,31-MAR-2026,AUROPHARMA,Aurobindo Pharma Limited,Pharma,Midcap,15.24,25.87,https://nsearchives.nseindia.com/corporate/xbrl/SHP_1653158_17042026040030_WEB.xml,2026-06-04T17:22:47+00:00
2026Q1,31-MAR-2026,AXISBANK,Axis Bank Limited,Banking,Nifty 50,42.05,43.36,https://nsearchives.nseindia.com/corporate/xbrl/SHP_1649482_13042026101953_WEB.xml,2026-06-04T18:23:01+00:00
2026Q1,31-MAR-2026,BAJAJ-AUTO,Bajaj Auto Limited,Auto,Nifty 50,8.82,14.47,https://nsearchives.nseindia.com/corporate/xbrl/SHP_1656829_21042026085055_WEB.xml,2026-06-04T18:23:06+00:00
2026Q1,31-MAR-2026,BAJAJFINSV,Bajaj Finserv Limited,Financial Services,Nifty 50,7.24,11.76,https://nsearchives.nseindia.com/corporate/xbrl/SHP_1656229_21042026035645_WEB.xml,2026-06-04T18:23:16+00:00
2026Q1,31-MAR-2026,BAJAJHLDNG,Bajaj Holdings & Investment Limited,Financial Services,Nifty Next 50,9.62,8.07,https://nsearchives.nseindia.com/corporate/xbrl/SHP_1655461_20042026070155_WEB.xml,2026-05-22T16:50:14+00:00
2026Q1,31-MAR-2026,BAJFINANCE,Bajaj Finance Limited,Financial Services,Nifty 50,21.33,15.18,https://nsearchives.nseindia.com/corporate/xbrl/SHP_1655056_20042026043545_WEB.xml,2026-06-04T18:23:11+00:00
2026Q1,31-MAR-2026,BALKRISIND,Balkrishna Industries Limited,Auto,Midcap,11.13,24.26,https://nsearchives.nseindia.com/corporate/xbrl/SHP_1654765_20042026020423_WEB.xml,2026-06-04T17:22:53+00:00
2026Q1,31-MAR-2026,BANKBARODA,Bank of Baroda,Banking,Nifty Next 50,9.69,19.01,https://nsearchives.nseindia.com/corporate/xbrl/SHP_1647424_08042026045921_WEB.xml,2026-05-22T16:50:23+00:00
2026Q1,31-MAR-2026,BEL,Bharat Electronics Limited,Defence,Nifty Next 50,19.5,19.99,https://nsearchives.nseindia.com/corporate/xbrl/SHP_1652189_16042026034627_WEB.xml,2026-05-22T16:50:31+00:00
2026Q1,31-MAR-2026,BERGEPAINT,Berger Paints (I) Limited,Consumer Goods,Midcap,4.68,11.71,https://nsearchives.nseindia.com/corporate/xbrl/SHP_1652099_16042026024757_WEB.xml,2026-06-04T17:22:58+00:00
2026Q1,31-MAR-2026,BHARATFORG,Bharat Forge Limited,Auto,Midcap,14.15,32.76,https://nsearchives.nseindia.com/corporate/xbrl/SHP_1652417_16042026052809_WEB.xml,2026-06-04T17:23:03+00:00
2026Q1,31-MAR-2026,BHARTIARTL,Bharti Airtel Limited,Telecom,Nifty 50,27.8,20.65,https://nsearchives.nseindia.com/corporate/xbrl/SHP_1654825_20042026024944_WEB.xml,2026-06-04T18:23:26+00:00
2026Q1,31-MAR-2026,BHEL,Bharat Heavy Electricals Limited,Capital Goods,Midcap,7.23,23.98,https://nsearchives.nseindia.com/corporate/xbrl/SHP_1647448_08042026051459_WEB.xml,2026-06-04T17:23:09+00:00
2026Q1,31-MAR-2026,BIOCON,Biocon Limited,Pharma,Midcap,7.52,24.07,https://nsearchives.nseindia.com/corporate/xbrl/SHP_1656787_21042026081203_WEB.xml,2026-06-04T17:23:14+00:00
2026Q1,31-MAR-2026,BOSCHLTD,Bosch Limited,Auto,Nifty Next 50,7.22,15.06,https://nsearchives.nseindia.com/corporate/xbrl/SHP_1651628_15042026062230_WEB.xml,2026-05-22T16:50:39+00:00
2026Q1,31-MAR-2026,BPCL,Bharat Petroleum Corporation Limited,Oil & Gas,Nifty 50,19.58,18.53,https://nsearchives.nseindia.com/corporate/xbrl/SHP_1654570_20042026114307_WEB.xml,2026-06-04T18:23:21+00:00
2026Q1,31-MAR-2026,BRITANNIA,Britannia Industries Limited,FMCG,Nifty 50,15.63,18.87,https://nsearchives.nseindia.com/corporate/xbrl/SHP_1656777_21042026080236_WEB.xml,2026-06-04T18:23:31+00:00
2026Q1,31-MAR-2026,BSE,BSE Limited,Financial Services,Midcap,19.42,25.09,https://nsearchives.nseindia.com/corporate/xbrl/SHP_1652898_17042026122104_WEB.xml,2026-06-04T17:23:19+00:00
2026Q1,31-MAR-2026,CAMS,Computer Age Management Services Limited,Financial Services,Midcap,44.44,22.06,https://nsearchives.nseindia.com/corporate/xbrl/SHP_1663190_04052026023954_WEB.xml,2026-06-04T17:23:24+00:00
2026Q1,31-MAR-2026,CANBK,Canara Bank,Banking,Midcap,14.24,10.9,https://nsearchives.nseindia.com/corporate/xbrl/SHP_1645570_02042026071027_WEB.xml,2026-06-04T17:23:30+00:00
2026Q1,31-MAR-2026,CGCL,Capri Global Capital Limited,Financial Services,Midcap,5.62,20.11,https://nsearchives.nseindia.com/corporate/xbrl/SHP_1646587_07042026011026_WEB.xml,2026-06-04T17:23:36+00:00
2026Q1,31-MAR-2026,CGPOWER,CG Power and Industrial Solutions Limited,Capital Goods,Nifty Next 50,12.03,18.08,https://nsearchives.nseindia.com/corporate/xbrl/SHP_1655656_20042026103800_WEB.xml,2026-05-22T16:50:55+00:00
2026Q1,31-MAR-2026,CHOLAFIN,Cholamandalam Investment and Finance Company Limited,Financial Services,Nifty Next 50,24.87,19.91,https://nsearchives.nseindia.com/corporate/xbrl/SHP_1655588_20042026080837_WEB.xml,2026-05-22T16:50:47+00:00
2026Q1,31-MAR-2026,CIPLA,Cipla Limited,Pharma,Nifty 50,22.56,31.97,https://nsearchives.nseindia.com/corporate/xbrl/SHP_1656778_21042026080246_WEB.xml,2026-06-04T18:23:36+00:00
2026Q1,31-MAR-2026,COALINDIA,Coal India Limited,Mining,Nifty 50,8.38,22.75,https://nsearchives.nseindia.com/corporate/xbrl/SHP_1648798_10042026043546_WEB.xml,2026-06-03T19:34:27+00:00
2026Q1,31-MAR-2026,COFORGE,Coforge Limited,IT,Midcap,30.65,56.19,https://nsearchives.nseindia.com/corporate/xbrl/SHP_1657463_22042026112248_WEB.xml,2026-06-04T17:23:41+00:00
2026Q1,31-MAR-2026,COLPAL,Colgate Palmolive (India) Limited,FMCG,Midcap,13.6,15.53,https://nsearchives.nseindia.com/corporate/xbrl/SHP_1651989_16042026125740_WEB.xml,2026-06-04T17:23:46+00:00
2026Q1,31-MAR-2026,CONCOR,Container Corporation of India Limited,Logistics,Midcap,8.32,29.77,https://nsearchives.nseindia.com/corporate/xbrl/SHP_1656147_21042026031955_WEB.xml,2026-06-04T17:23:51+00:00
2026Q1,31-MAR-2026,COROMANDEL,Coromandel International Limited,Chemicals,Midcap,13.02,18.2,https://nsearchives.nseindia.com/corporate/xbrl/SHP_1656711_21042026072641_WEB.xml,2026-06-04T17:23:56+00:00
2026Q1,31-MAR-2026,CUMMINSIND,Cummins India Limited,Capital Goods,Midcap,20.78,19.55,https://nsearchives.nseindia.com/corporate/xbrl/SHP_1651729_15042026073009_WEB.xml,2026-06-04T17:24:02+00:00
2026Q1,31-MAR-2026,DABUR,Dabur India Limited,FMCG,Nifty Next 50,9.98,18.56,https://nsearchives.nseindia.com/corporate/xbrl/SHP_1663304_04052026053152_WEB.xml,2026-05-22T16:51:03+00:00
2026Q1,31-MAR-2026,DEEPAKNTR,Deepak Nitrite Limited,Chemicals,Midcap,6.19,23.47,https://nsearchives.nseindia.com/corporate/xbrl/SHP_1649592_13042026124507_WEB.xml,2026-06-04T17:24:07+00:00
2026Q1,31-MAR-2026,DIVISLAB,Divi's Laboratories Limited,Pharma,Nifty 50,20.29,19.22,https://nsearchives.nseindia.com/corporate/xbrl/SHP_1650975_15042026085225_WEB.xml,2026-05-22T16:58:25+00:00
2026Q1,31-MAR-2026,DIXON,Dixon Technologies (India) Limited,Consumer Durables,Midcap,18.29,28.15,https://nsearchives.nseindia.com/corporate/xbrl/SHP_1655186_20042026051901_WEB.xml,2026-06-04T17:24:12+00:00
2026Q1,31-MAR-2026,DLF,DLF Limited,Realty,Nifty Next 50,13.54,6.94,https://nsearchives.nseindia.com/corporate/xbrl/SHP_1646997_07042026090031_WEB.xml,2026-05-22T16:51:11+00:00
2026Q1,31-MAR-2026,DMART,Avenue Supermarts Limited,Retail,Nifty Next 50,9.0,8.85,https://nsearchives.nseindia.com/corporate/xbrl/SHP_1656717_21042026072904_WEB.xml,2026-05-22T16:51:19+00:00
2026Q1,31-MAR-2026,DRREDDY,Dr. Reddy's Laboratories Limited,Pharma,Nifty 50,33.08,30.72,https://nsearchives.nseindia.com/corporate/xbrl/SHP_1656294_21042026042213_WEB.xml,2026-05-22T16:58:33+00:00
2026Q1,31-MAR-2026,EICHERMOT,Eicher Motors Limited,Auto,Nifty 50,26.78,14.82,https://nsearchives.nseindia.com/corporate/xbrl/SHP_1655434_20042026064729_WEB.xml,2026-05-22T16:58:41+00:00
2026Q1,31-MAR-2026,ESCORTS,Escorts Kubota Limited,Capital Goods,Midcap,5.72,11.65,https://nsearchives.nseindia.com/corporate/xbrl/SHP_1655333_20042026061412_WEB.xml,2026-06-04T17:24:17+00:00
2026Q1,31-MAR-2026,EXIDEIND,Exide Industries Limited,Auto,Midcap,10.3,19.13,https://nsearchives.nseindia.com/corporate/xbrl/SHP_1649976_13042026051530_WEB.xml,2026-06-04T17:24:23+00:00
2026Q1,31-MAR-2026,FEDERALBNK,The Federal Bank  Limited,Banking,Midcap,26.05,50.39,https://nsearchives.nseindia.com/corporate/xbrl/SHP_1655993_21042026015047_WEB.xml,2026-06-04T17:24:28+00:00
2026Q1,31-MAR-2026,GAIL,GAIL (India) Limited,Oil & Gas,Nifty Next 50,13.04,20.6,https://nsearchives.nseindia.com/corporate/xbrl/SHP_1648989_10042026060100_WEB.xml,2026-05-22T16:51:28+00:00
2026Q1,31-MAR-2026,GLAND,Gland Pharma Limited,Pharma,Midcap,7.3,33.35,https://nsearchives.nseindia.com/corporate/xbrl/SHP_1653191_17042026041011_WEB.xml,2026-06-04T17:24:33+00:00
2026Q1,31-MAR-2026,GODREJCP,Godrej Consumer Products Limited,FMCG,Nifty Next 50,13.94,18.0,https://nsearchives.nseindia.com/corporate/xbrl/SHP_1655671_21042026121128_WEB.xml,2026-05-22T16:51:36+00:00
2026Q1,31-MAR-2026,GODREJPROP,Godrej Properties Limited,Realty,Midcap,26.17,8.2,https://nsearchives.nseindia.com/corporate/xbrl/SHP_1653252_17042026043457_WEB.xml,2026-06-04T17:24:38+00:00
2026Q1,31-MAR-2026,GRASIM,Grasim Industries Limited,Cement,Nifty 50,17.18,16.28,https://nsearchives.nseindia.com/corporate/xbrl/SHP_1651686_15042026065252_WEB.xml,2026-05-22T16:58:49+00:00
2026Q1,31-MAR-2026,HAL,Hindustan Aeronautics Limited,Defence,Nifty Next 50,10.2,10.5,https://nsearchives.nseindia.com/corporate/xbrl/SHP_1649503_13042026111255_WEB.xml,2026-05-22T16:51:44+00:00
2026Q1,31-MAR-2026,HAVELLS,Havells India Limited,Consumer Durables,Nifty Next 50,16.94,17.73,https://nsearchives.nseindia.com/corporate/xbrl/SHP_1649222_11042026100534_WEB.xml,2026-05-22T16:51:52+00:00
2026Q1,31-MAR-2026,HCLTECH,HCL Technologies Limited,IT,Nifty 50,15.51,18.99,https://nsearchives.nseindia.com/corporate/xbrl/SHP_1656872_21042026093835_WEB.xml,2026-05-22T16:58:57+00:00
2026Q1,31-MAR-2026,HDFCAMC,HDFC Asset Management Company Limited,Financial Services,Midcap,24.45,14.43,https://nsearchives.nseindia.com/corporate/xbrl/SHP_1651307_15042026033420_WEB.xml,2026-06-04T17:24:43+00:00
2026Q1,31-MAR-2026,HDFCBANK,HDFC Bank Limited,Banking,Nifty 50,44.05,40.32,https://nsearchives.nseindia.com/corporate/xbrl/SHP_1645257_02042026124041_WEB.xml,2026-05-22T16:59:05+00:00
2026Q1,31-MAR-2026,HDFCLIFE,HDFC Life Insurance Company Limited,Insurance,Nifty 50,22.52,17.25,https://nsearchives.nseindia.com/corporate/xbrl/SHP_1660737_28042026112844_WEB.xml,2026-05-22T16:59:14+00:00
2026Q1,31-MAR-2026,HEROMOTOCO,Hero MotoCorp Limited,Auto,Nifty 50,31.15,24.78,https://nsearchives.nseindia.com/corporate/xbrl/SHP_1656751_21042026074633_WEB.xml,2026-05-22T16:59:22+00:00
2026Q1,31-MAR-2026,HINDALCO,Hindalco Industries Limited,Metals,Nifty 50,34.13,21.47,https://nsearchives.nseindia.com/corporate/xbrl/SHP_1653017_17042026021047_WEB.xml,2026-05-22T16:59:30+00:00
2026Q1,31-MAR-2026,HINDPETRO,Hindustan Petroleum Corporation Limited,Oil & Gas,Midcap,17.27,19.57,https://nsearchives.nseindia.com/corporate/xbrl/SHP_1647924_09042026030907_WEB.xml,2026-06-04T17:24:49+00:00
2026Q1,31-MAR-2026,HINDUNILVR,Hindustan Unilever Limited,FMCG,Nifty 50,10.1,16.4,https://nsearchives.nseindia.com/corporate/xbrl/SHP_1654510_20042026110214_WEB.xml,2026-05-22T16:59:39+00:00
2026Q1,31-MAR-2026,HINDZINC,Hindustan Zinc Limited,Metals,Nifty Next 50,2.39,4.85,https://nsearchives.nseindia.com/corporate/xbrl/SHP_1653416_17042026054412_WEB.xml,2026-05-22T16:52:00+00:00
2026Q1,31-MAR-2026,HONAUT,Honeywell Automation India Limited,Capital Goods,Midcap,3.74,11.29,https://nsearchives.nseindia.com/corporate/xbrl/SHP_1655969_21042026012937_WEB.xml,2026-06-04T17:24:54+00:00
2026Q1,31-MAR-2026,HYUNDAI,Hyundai Motor India Limited,Auto,Nifty Next 50,5.42,9.7,https://nsearchives.nseindia.com/corporate/xbrl/SHP_1655061_20042026043814_WEB.xml,2026-05-22T16:52:09+00:00
2026Q1,31-MAR-2026,ICICIBANK,ICICI Bank Limited,Banking,Nifty 50,34.49,39.95,https://nsearchives.nseindia.com/corporate/xbrl/SHP_1654552_20042026113117_WEB.xml,2026-05-22T16:59:47+00:00
2026Q1,31-MAR-2026,ICICIGI,ICICI Lombard General Insurance Company Limited,Insurance,Nifty Next 50,22.29,19.52,https://nsearchives.nseindia.com/corporate/xbrl/SHP_1655381_20042026063535_WEB.xml,2026-05-22T16:52:17+00:00
2026Q1,31-MAR-2026,ICICIPRULI,ICICI Prudential Life Insurance Company Limited,Insurance,Nifty Next 50,10.9,11.05,https://nsearchives.nseindia.com/corporate/xbrl/SHP_1656759_21042026074845_WEB.xml,2026-05-22T16:52:26+00:00
2026Q1,31-MAR-2026,IDEA,Vodafone Idea Limited,Telecom,Midcap,5.56,6.21,https://nsearchives.nseindia.com/corporate/xbrl/SHP_1648696_10042026032828_WEB.xml,2026-06-04T17:24:59+00:00
2026Q1,31-MAR-2026,IDFCFIRSTB,IDFC First Bank Limited,Banking,Midcap,36.52,22.74,https://nsearchives.nseindia.com/corporate/xbrl/SHP_1656596_21042026063302_WEB.xml,2026-06-04T17:25:05+00:00
2026Q1,31-MAR-2026,IGL,Indraprastha Gas Limited,Oil & Gas,Midcap,17.08,23.26,https://nsearchives.nseindia.com/corporate/xbrl/SHP_1652308_16042026044507_WEB.xml,2026-06-04T17:25:10+00:00
2026Q1,31-MAR-2026,INDHOTEL,The Indian Hotels Company Limited,Hospitality,Nifty Next 50,23.23,22.7,https://nsearchives.nseindia.com/corporate/xbrl/SHP_1656374_21042026050435_WEB.xml,2026-05-22T16:52:34+00:00
2026Q1,31-MAR-2026,INDIANB,Indian Bank,Banking,Midcap,5.82,17.75,https://nsearchives.nseindia.com/corporate/xbrl/SHP_1646673_07042026034349_WEB.xml,2026-06-04T17:25:15+00:00
2026Q1,31-MAR-2026,INDIGO,InterGlobe Aviation Limited,Aviation,Nifty Next 50,21.64,31.18,https://nsearchives.nseindia.com/corporate/xbrl/SHP_1656028_21042026021525_WEB.xml,2026-05-22T16:52:42+00:00
2026Q1,31-MAR-2026,INDUSINDBK,IndusInd Bank Limited,Banking,Nifty 50,28.57,40.51,https://nsearchives.nseindia.com/corporate/xbrl/SHP_1655219_20042026052917_WEB.xml,2026-05-22T16:59:55+00:00
2026Q1,31-MAR-2026,INDUSTOWER,Indus Towers Limited,Telecom,Nifty Next 50,25.09,19.68,https://nsearchives.nseindia.com/corporate/xbrl/SHP_1656799_21042026082507_WEB.xml,2026-05-22T16:52:51+00:00
2026Q1,31-MAR-2026,INFY,Infosys Limited,IT,Nifty 50,28.45,43.38,https://nsearchives.nseindia.com/corporate/xbrl/SHP_1652323_16042026045034_WEB.xml,2026-05-22T17:00:03+00:00
2026Q1,31-MAR-2026,IOB,Indian Overseas Bank,Banking,Midcap,0.43,4.28,https://nsearchives.nseindia.com/corporate/xbrl/SHP_1646941_07042026064654_WEB.xml,2026-06-04T17:25:20+00:00
2026Q1,31-MAR-2026,IOC,Indian Oil Corporation Limited,Oil & Gas,Nifty Next 50,9.85,9.21,https://nsearchives.nseindia.com/corporate/xbrl/SHP_1651927_16042026120704_WEB.xml,2026-05-22T16:52:59+00:00
2026Q1,31-MAR-2026,IPCALAB,IPCA Laboratories Limited,Pharma,Midcap,10.63,37.45,https://nsearchives.nseindia.com/corporate/xbrl/SHP_1647122_08042026120805_WEB.xml,2026-06-04T17:25:25+00:00
2026Q1,31-MAR-2026,IRCTC,Indian Railway Catering And Tourism Corporation Limited,Consumer Services,Nifty Next 50,4.86,14.86,https://nsearchives.nseindia.com/corporate/xbrl/SHP_1650182_13042026071657_WEB.xml,2026-05-22T16:53:07+00:00
2026Q1,31-MAR-2026,IRFC,Indian Railway Finance Corporation Limited,Financial Services,Nifty Next 50,1.17,2.89,https://nsearchives.nseindia.com/corporate/xbrl/SHP_1651942_16042026122158_WEB.xml,2026-05-22T16:53:15+00:00
2026Q1,31-MAR-2026,ITC,ITC Limited,FMCG,Nifty 50,34.83,49.15,https://nsearchives.nseindia.com/corporate/xbrl/SHP_1653166_17042026040438_WEB.xml,2026-05-22T17:00:11+00:00
2026Q1,31-MAR-2026,JINDALSTEL,JINDAL STEEL LIMITED,Metals,Nifty Next 50,9.2,19.13,https://nsearchives.nseindia.com/corporate/xbrl/SHP_1656133_21042026030655_WEB.xml,2026-05-22T16:53:23+00:00
2026Q1,31-MAR-2026,JIOFIN,Jio Financial Services Limited,Financial Services,Nifty Next 50,12.31,14.36,https://nsearchives.nseindia.com/corporate/xbrl/SHP_1656525_21042026060540_WEB.xml,2026-05-22T16:53:31+00:00
2026Q1,31-MAR-2026,JSL,Jindal Stainless Limited,Metals,Midcap,20.87,7.15,https://nsearchives.nseindia.com/corporate/xbrl/SHP_1649966_13042026051224_WEB.xml,2026-06-04T17:25:31+00:00
2026Q1,31-MAR-2026,JSWSTEEL,JSW Steel Limited,Metals,Nifty 50,25.38,11.15,https://nsearchives.nseindia.com/corporate/xbrl/SHP_1656626_21042026064612_WEB.xml,2026-05-22T17:00:20+00:00
2026Q1,31-MAR-2026,JUBLFOOD,Jubilant Foodworks Limited,Consumer Services,Midcap,17.29,36.58,https://nsearchives.nseindia.com/corporate/xbrl/SHP_1654483_20042026101527_WEB.xml,2026-06-04T17:25:36+00:00
2026Q1,31-MAR-2026,KOTAKBANK,Kotak Mahindra Bank Limited,Banking,Nifty 50,26.4,36.18,https://nsearchives.nseindia.com/corporate/xbrl/SHP_1652717_16042026082240_WEB.xml,2026-05-22T17:00:28+00:00
2026Q1,31-MAR-2026,KPITTECH,KPIT Technologies Limited,IT,Midcap,13.25,24.65,https://nsearchives.nseindia.com/corporate/xbrl/SHP_1649543_13042026120349_WEB.xml,2026-06-04T17:25:41+00:00
2026Q1,31-MAR-2026,LICHSGFIN,LIC Housing Finance Limited,Financial Services,Midcap,21.39,20.89,https://nsearchives.nseindia.com/corporate/xbrl/SHP_1651986_16042026125558_WEB.xml,2026-06-04T17:25:46+00:00
2026Q1,31-MAR-2026,LICI,Life Insurance Corporation Of India,Insurance,Nifty Next 50,0.31,1.28,https://nsearchives.nseindia.com/corporate/xbrl/SHP_1655693_21042026101703_WEB.xml,2026-05-22T16:53:38+00:00
2026Q1,31-MAR-2026,LODHA,Lodha Developers Limited,Realty,Nifty Next 50,21.25,4.62,https://nsearchives.nseindia.com/corporate/xbrl/SHP_1650672_14042026042734_WEB.xml,2026-05-22T16:53:47+00:00
2026Q1,31-MAR-2026,LT,Larsen & Toubro Limited,Infrastructure,Nifty 50,18.78,43.33,https://nsearchives.nseindia.com/corporate/xbrl/SHP_1652548_16042026061922_WEB.xml,2026-05-22T17:00:36+00:00
2026Q1,31-MAR-2026,LTF,L&T Finance Limited,Financial Services,Midcap,7.63,14.9,https://nsearchives.nseindia.com/corporate/xbrl/SHP_1652636_16042026070255_WEB.xml,2026-06-04T17:25:56+00:00
2026Q1,31-MAR-2026,LTTS,L&T Technology Services Limited,IT,Midcap,3.86,14.64,https://nsearchives.nseindia.com/corporate/xbrl/SHP_1654654_20042026123651_WEB.xml,2026-06-04T17:26:02+00:00
2026Q1,31-MAR-2026,LUPIN,Lupin Limited,Pharma,Midcap,21.71,25.32,https://nsearchives.nseindia.com/corporate/xbrl/SHP_1655255_20042026054102_WEB.xml,2026-06-04T17:25:51+00:00
2026Q1,31-MAR-2026,M&M,Mahindra & Mahindra Limited,Auto,Nifty 50,36.22,31.5,https://nsearchives.nseindia.com/corporate/xbrl/SHP_1656738_21042026074002_WEB.xml,2026-05-22T17:00:44+00:00
2026Q1,31-MAR-2026,M&MFIN,Mahindra & Mahindra Financial Services Limited,Financial Services,Midcap,9.4,32.09,https://nsearchives.nseindia.com/corporate/xbrl/SHP_1654970_20042026035750_WEB.xml,2026-06-04T17:26:07+00:00
2026Q1,31-MAR-2026,MARICO,Marico Limited,FMCG,Nifty Next 50,24.08,12.3,https://nsearchives.nseindia.com/corporate/xbrl/SHP_1652420_16042026052900_WEB.xml,2026-05-22T16:53:54+00:00
2026Q1,31-MAR-2026,MARUTI,Maruti Suzuki India Limited,Auto,Nifty 50,14.12,24.18,https://nsearchives.nseindia.com/corporate/xbrl/SHP_1653341_17042026051746_WEB.xml,2026-05-22T17:00:52+00:00
2026Q1,31-MAR-2026,MFSL,Max Financial Services Limited,Insurance,Midcap,47.88,44.75,https://nsearchives.nseindia.com/corporate/xbrl/SHP_1650925_14042026073545_WEB.xml,2026-06-04T17:26:12+00:00
2026Q1,31-MAR-2026,MGL,Mahanagar Gas Limited,Oil & Gas,Midcap,24.14,21.01,https://nsearchives.nseindia.com/corporate/xbrl/SHP_1654518_20042026111018_WEB.xml,2026-06-04T17:26:18+00:00
2026Q1,31-MAR-2026,MOTHERSON,Samvardhana Motherson International Limited,Auto,Nifty Next 50,12.45,21.13,https://nsearchives.nseindia.com/corporate/xbrl/SHP_1646996_07042026082014_WEB.xml,2026-05-22T16:54:02+00:00
2026Q1,31-MAR-2026,MOTILALOFS,Motilal Oswal Financial Services Limited,Financial Services,Midcap,7.04,6.02,https://nsearchives.nseindia.com/corporate/xbrl/SHP_1655123_20042026050248_WEB.xml,2026-06-04T17:26:24+00:00
2026Q1,31-MAR-2026,MPHASIS,MphasiS Limited,IT,Midcap,19.5,45.65,https://nsearchives.nseindia.com/corporate/xbrl/SHP_1654432_19042026104311_WEB.xml,2026-06-04T17:26:29+00:00
2026Q1,31-MAR-2026,MRF,MRF Limited,Auto,Midcap,17.98,12.25,https://nsearchives.nseindia.com/corporate/xbrl/SHP_1649781_13042026034537_WEB.xml,2026-06-04T17:26:35+00:00
2026Q1,31-MAR-2026,MUTHOOTFIN,Muthoot Finance Limited,Financial Services,Midcap,12.3,10.42,https://nsearchives.nseindia.com/corporate/xbrl/SHP_1655952_21042026011910_WEB.xml,2026-06-04T17:26:40+00:00
2026Q1,31-MAR-2026,NAM-INDIA,Nippon Life India Asset Management Limited,Financial Services,Midcap,7.34,14.78,https://nsearchives.nseindia.com/corporate/xbrl/SHP_1651676_15042026064704_WEB.xml,2026-06-04T17:26:46+00:00
2026Q1,31-MAR-2026,NAUKRI,Info Edge (India) Limited,Consumer Services,Nifty Next 50,27.97,24.08,https://nsearchives.nseindia.com/corporate/xbrl/SHP_1654599_20042026115924_WEB.xml,2026-05-22T16:54:10+00:00
2026Q1,31-MAR-2026,NESTLEIND,Nestle India Limited,FMCG,Nifty 50,9.74,12.39,https://nsearchives.nseindia.com/corporate/xbrl/SHP_1655682_21042026092925_WEB.xml,2026-05-22T17:01:00+00:00
2026Q1,31-MAR-2026,NHPC,NHPC Limited,Power,Nifty Next 50,10.34,10.78,https://nsearchives.nseindia.com/corporate/xbrl/SHP_1654711_20042026010211_WEB.xml,2026-05-22T16:54:18+00:00
2026Q1,31-MAR-2026,NMDC,NMDC Limited,Mining,Nifty Next 50,13.6,13.76,https://nsearchives.nseindia.com/corporate/xbrl/SHP_1655900_21042026124517_WEB.xml,2026-05-22T16:54:27+00:00
2026Q1,31-MAR-2026,NTPC,NTPC Limited,Power,Nifty 50,16.55,29.13,https://nsearchives.nseindia.com/corporate/xbrl/SHP_1651378_15042026041205_WEB.xml,2026-05-22T17:01:09+00:00
2026Q1,31-MAR-2026,NYKAA,FSN E-Commerce Ventures Limited,Consumer Services,Midcap,12.4,25.35,https://nsearchives.nseindia.com/corporate/xbrl/SHP_1653695_17042026073712_WEB.xml,2026-06-04T17:26:52+00:00
2026Q1,31-MAR-2026,OBEROIRLTY,Oberoi Realty Limited,Realty,Midcap,15.42,14.58,https://nsearchives.nseindia.com/corporate/xbrl/SHP_1651304_15042026033402_WEB.xml,2026-06-04T17:26:57+00:00
2026Q1,31-MAR-2026,OFSS,Oracle Financial Services Software Limited,IT,Midcap,8.04,9.12,https://nsearchives.nseindia.com/corporate/xbrl/SHP_1650589_14042026033848_WEB.xml,2026-06-04T17:27:02+00:00
2026Q1,31-MAR-2026,ONGC,Oil & Natural Gas Corporation Limited,Oil & Gas,Nifty 50,7.97,19.31,https://nsearchives.nseindia.com/corporate/xbrl/SHP_1655194_20042026052100_WEB.xml,2026-05-22T17:01:17+00:00
2026Q1,31-MAR-2026,PAGEIND,Page Industries Limited,Textiles,Midcap,19.0,33.21,https://nsearchives.nseindia.com/corporate/xbrl/SHP_1651571_15042026060023_WEB.xml,2026-06-04T17:27:08+00:00
2026Q1,31-MAR-2026,PATANJALI,Patanjali Foods Limited,FMCG,Midcap,9.2,12.06,https://nsearchives.nseindia.com/corporate/xbrl/SHP_1653907_18042026114456_WEB.xml,2026-06-04T17:27:14+00:00
2026Q1,31-MAR-2026,PAYTM,One 97 Communications Limited,Financial Services,Midcap,49.4,23.08,https://nsearchives.nseindia.com/corporate/xbrl/SHP_1650570_14042026032846_WEB.xml,2026-06-04T17:27:19+00:00
2026Q1,31-MAR-2026,PERSISTENT,Persistent Systems Limited,IT,Midcap,22.12,30.48,https://nsearchives.nseindia.com/corporate/xbrl/SHP_1652714_16042026081425_WEB.xml,2026-06-04T17:27:30+00:00
2026Q1,31-MAR-2026,PETRONET,Petronet LNG Limited,Oil & Gas,Midcap,27.12,12.93,https://nsearchives.nseindia.com/corporate/xbrl/SHP_1653088_17042026032025_WEB.xml,2026-06-04T17:27:36+00:00
2026Q1,31-MAR-2026,PFC,Power Finance Corporation Limited,Financial Services,Nifty Next 50,19.64,15.05,https://nsearchives.nseindia.com/corporate/xbrl/SHP_1656255_21042026040445_WEB.xml,2026-05-22T16:54:35+00:00
2026Q1,31-MAR-2026,PHOENIXLTD,The Phoenix Mills Limited,Realty,Midcap,32.97,16.15,https://nsearchives.nseindia.com/corporate/xbrl/SHP_1651365_15042026040508_WEB.xml,2026-06-04T17:27:41+00:00
2026Q1,31-MAR-2026,PIDILITIND,Pidilite Industries Limited,Chemicals,Nifty Next 50,11.75,9.64,https://nsearchives.nseindia.com/corporate/xbrl/SHP_1653375_17042026053100_WEB.xml,2026-05-22T16:54:43+00:00
2026Q1,31-MAR-2026,PIIND,PI Industries Limited,Chemicals,Midcap,15.87,31.35,https://nsearchives.nseindia.com/corporate/xbrl/SHP_1655439_20042026064902_WEB.xml,2026-06-04T17:27:47+00:00
2026Q1,31-MAR-2026,PNB,Punjab National Bank,Banking,Midcap,6.39,16.05,https://nsearchives.nseindia.com/corporate/xbrl/SHP_1653671_17042026072129_WEB.xml,2026-06-04T17:27:52+00:00
2026Q1,31-MAR-2026,POLICYBZR,PB Fintech Limited,Financial Services,Midcap,39.94,36.73,https://nsearchives.nseindia.com/corporate/xbrl/SHP_1656670_21042026070814_WEB.xml,2026-06-04T17:27:57+00:00
2026Q1,31-MAR-2026,POLYCAB,Polycab India Limited,Consumer Durables,Midcap,18.21,7.96,https://nsearchives.nseindia.com/corporate/xbrl/SHP_1654385_18042026071959_WEB.xml,2026-06-04T17:28:02+00:00
2026Q1,31-MAR-2026,POWERGRID,Power Grid Corporation of India Limited,Power,Nifty 50,25.03,20.13,https://nsearchives.nseindia.com/corporate/xbrl/SHP_1652082_16042026023752_WEB.xml,2026-05-22T17:01:25+00:00
2026Q1,31-MAR-2026,PRESTIGE,Prestige Estates Projects Limited,Realty,Midcap,14.2,22.59,https://nsearchives.nseindia.com/corporate/xbrl/SHP_1652201_16042026035421_WEB.xml,2026-06-04T17:28:08+00:00
2026Q1,31-MAR-2026,RECLTD,REC Limited,Financial Services,Nifty Next 50,15.79,16.35,https://nsearchives.nseindia.com/corporate/xbrl/SHP_1652160_16042026032934_WEB.xml,2026-05-22T16:54:51+00:00
2026Q1,31-MAR-2026,RELIANCE,Reliance Industries Limited,Conglomerate,Nifty 50,18.67,20.55,https://nsearchives.nseindia.com/corporate/xbrl/SHP_1655961_21042026012504_WEB.xml,2026-05-22T17:01:33+00:00
2026Q1,31-MAR-2026,RVNL,Rail Vikas Nigam Limited,Infrastructure,Midcap,4.86,6.42,https://nsearchives.nseindia.com/corporate/xbrl/SHP_1652990_17042026013727_WEB.xml,2026-06-04T17:28:14+00:00
2026Q1,31-MAR-2026,SAIL,Steel Authority of India Limited,Metals,Midcap,5.01,18.41,https://nsearchives.nseindia.com/corporate/xbrl/SHP_1655023_20042026042310_WEB.xml,2026-06-04T17:28:20+00:00
2026Q1,31-MAR-2026,SBICARD,SBI Cards and Payment Services Limited,Financial Services,Nifty Next 50,9.54,18.12,https://nsearchives.nseindia.com/corporate/xbrl/SHP_1653306_17042026045859_WEB.xml,2026-05-22T16:54:59+00:00
2026Q1,31-MAR-2026,SBILIFE,SBI Life Insurance Company Limited,Insurance,Nifty 50,21.51,19.13,https://nsearchives.nseindia.com/corporate/xbrl/SHP_1652766_16042026101608_WEB.xml,2026-05-22T17:01:42+00:00
2026Q1,31-MAR-2026,SBIN,State Bank of India,Banking,Nifty 50,11.41,26.24,https://nsearchives.nseindia.com/corporate/xbrl/SHP_1653984_18042026011837_WEB.xml,2026-05-22T17:01:50+00:00
2026Q1,31-MAR-2026,SHREECEM,SHREE CEMENT LIMITED,Cement,Nifty Next 50,8.93,16.03,https://nsearchives.nseindia.com/corporate/xbrl/SHP_1647364_08042026041157_WEB.xml,2026-05-22T16:55:07+00:00
2026Q1,31-MAR-2026,SHRIRAMFIN,Shriram Finance Limited,Financial Services,Nifty Next 50,45.15,23.29,https://nsearchives.nseindia.com/corporate/xbrl/SHP_1653167_17042026040441_WEB.xml,2026-05-22T16:55:15+00:00
2026Q1,31-MAR-2026,SIEMENS,Siemens Limited,Capital Goods,Nifty Next 50,6.8,8.59,https://nsearchives.nseindia.com/corporate/xbrl/SHP_1655715_21042026105109_WEB.xml,2026-05-22T16:55:23+00:00
2026Q1,31-MAR-2026,SOLARINDS,Solar Industries India Limited,Chemicals,Midcap,6.6,12.9,https://nsearchives.nseindia.com/corporate/xbrl/SHP_1648997_10042026060327_WEB.xml,2026-06-04T17:28:25+00:00
2026Q1,31-MAR-2026,SONACOMS,Sona BLW Precision Forgings Limited,Auto,Midcap,23.7,41.46,https://nsearchives.nseindia.com/corporate/xbrl/SHP_1659262_27042026025658_WEB.xml,2026-06-04T17:28:31+00:00
2026Q1,31-MAR-2026,SRF,SRF Limited,Chemicals,Midcap,16.66,21.17,https://nsearchives.nseindia.com/corporate/xbrl/SHP_1652509_16042026060518_WEB.xml,2026-06-04T17:28:37+00:00
2026Q1,31-MAR-2026,SUNDARMFIN,Sundaram Finance Limited,Financial Services,Midcap,18.97,7.69,https://nsearchives.nseindia.com/corporate/xbrl/SHP_1679229_03062026045425_WEB.xml,2026-06-04T17:28:43+00:00
2026Q1,31-MAR-2026,SUNPHARMA,Sun Pharmaceutical Industries Limited,Pharma,Nifty 50,15.93,21.11,https://nsearchives.nseindia.com/corporate/xbrl/SHP_1653690_17042026073413_WEB.xml,2026-05-22T17:01:59+00:00
2026Q1,31-MAR-2026,SUPREMEIND,Supreme Industries Limited,Consumer Durables,Midcap,17.12,19.23,https://nsearchives.nseindia.com/corporate/xbrl/SHP_1649630_13042026010411_WEB.xml,2026-06-04T17:28:49+00:00
2026Q1,31-MAR-2026,SUZLON,Suzlon Energy Limited,Power,Midcap,23.85,9.18,https://nsearchives.nseindia.com/corporate/xbrl/SHP_1648592_10042026015549_WEB.xml,2026-06-04T17:28:54+00:00
2026Q1,31-MAR-2026,SWIGGY,Swiggy Limited,Consumer Services,Nifty Next 50,14.59,25.45,https://nsearchives.nseindia.com/corporate/xbrl/SHP_1654920_20042026034029_WEB.xml,2026-05-22T16:55:32+00:00
2026Q1,31-MAR-2026,SYNGENE,Syngene International Limited,Pharma,Midcap,13.9,26.44,https://nsearchives.nseindia.com/corporate/xbrl/SHP_1653668_17042026072022_WEB.xml,2026-06-04T17:29:00+00:00
2026Q1,31-MAR-2026,TATACHEM,Tata Chemicals Limited,Chemicals,Midcap,11.9,22.84,https://nsearchives.nseindia.com/corporate/xbrl/SHP_1656833_21042026085714_WEB.xml,2026-06-04T17:29:05+00:00
2026Q1,31-MAR-2026,TATACOMM,Tata Communications Limited,Telecom,Midcap,14.43,19.14,https://nsearchives.nseindia.com/corporate/xbrl/SHP_1656802_21042026082947_WEB.xml,2026-06-04T17:29:11+00:00
2026Q1,31-MAR-2026,TATACONSUM,TATA CONSUMER PRODUCTS LIMITED,FMCG,Nifty 50,20.79,24.19,https://nsearchives.nseindia.com/corporate/xbrl/SHP_1655090_20042026045147_WEB.xml,2026-05-22T17:02:07+00:00
2026Q1,31-MAR-2026,TATAELXSI,Tata Elxsi Limited,IT,Midcap,11.09,11.39,https://nsearchives.nseindia.com/corporate/xbrl/SHP_1652507_16042026060337_WEB.xml,2026-06-04T17:29:17+00:00
2026Q1,31-MAR-2026,TATAPOWER,Tata Power Company Limited,Power,Nifty Next 50,10.04,18.28,https://nsearchives.nseindia.com/corporate/xbrl/SHP_1656901_21042026103928_WEB.xml,2026-05-22T16:55:40+00:00
2026Q1,31-MAR-2026,TATASTEEL,Tata Steel Limited,Metals,Nifty 50,19.05,26.85,https://nsearchives.nseindia.com/corporate/xbrl/SHP_1655524_20042026072320_WEB.xml,2026-05-22T17:02:16+00:00
2026Q1,31-MAR-2026,TCS,Tata Consultancy Services Limited,IT,Nifty 50,9.66,13.41,https://nsearchives.nseindia.com/corporate/xbrl/SHP_1656226_21042026035436_WEB.xml,2026-05-22T17:02:24+00:00
2026Q1,31-MAR-2026,TECHM,Tech Mahindra Limited,IT,Nifty 50,18.59,37.33,https://nsearchives.nseindia.com/corporate/xbrl/SHP_1656461_21042026055122_WEB.xml,2026-05-22T17:02:33+00:00
2026Q1,31-MAR-2026,TIINDIA,Tube Investments of India Limited,Auto,Midcap,21.42,21.75,https://nsearchives.nseindia.com/corporate/xbrl/SHP_1656076_21042026024148_WEB.xml,2026-06-04T17:29:22+00:00
2026Q1,31-MAR-2026,TITAN,Titan Company Limited,Consumer Goods,Nifty 50,15.65,15.04,https://nsearchives.nseindia.com/corporate/xbrl/SHP_1651245_15042026031123_WEB.xml,2026-05-22T17:02:41+00:00
2026Q1,31-MAR-2026,TORNTPHARM,Torrent Pharmaceuticals Limited,Pharma,Midcap,16.18,9.06,https://nsearchives.nseindia.com/corporate/xbrl/SHP_1653365_17042026052714_WEB.xml,2026-06-04T17:29:27+00:00
2026Q1,31-MAR-2026,TORNTPOWER,Torrent Power Limited,Power,Midcap,8.4,22.83,https://nsearchives.nseindia.com/corporate/xbrl/SHP_1655066_20042026044201_WEB.xml,2026-06-04T17:29:32+00:00
2026Q1,31-MAR-2026,TRENT,Trent Limited,Retail,Nifty Next 50,15.59,22.37,https://nsearchives.nseindia.com/corporate/xbrl/SHP_1652246_16042026042008_WEB.xml,2026-05-22T16:55:48+00:00
2026Q1,31-MAR-2026,TVSMOTOR,TVS Motor Company Limited,Auto,Nifty Next 50,22.57,18.83,https://nsearchives.nseindia.com/corporate/xbrl/SHP_1656791_21042026081752_WEB.xml,2026-06-04T18:22:14+00:00
2026Q1,31-MAR-2026,ULTRACEMCO,UltraTech Cement Limited,Cement,Nifty 50,14.11,18.42,https://nsearchives.nseindia.com/corporate/xbrl/SHP_1653086_17042026031846_WEB.xml,2026-05-22T17:02:49+00:00
2026Q1,31-MAR-2026,UNIONBANK,Union Bank of India,Banking,Midcap,9.37,11.51,https://nsearchives.nseindia.com/corporate/xbrl/SHP_1652792_17042026101714_WEB.xml,2026-06-04T17:29:38+00:00
2026Q1,31-MAR-2026,UNITDSPR,United Spirits Limited,FMCG,Nifty Next 50,14.41,15.37,https://nsearchives.nseindia.com/corporate/xbrl/SHP_1655954_21042026011944_WEB.xml,2026-06-04T18:22:19+00:00
2026Q1,31-MAR-2026,UPL,UPL Limited,Chemicals,Nifty 50,43.1,14.63,https://nsearchives.nseindia.com/corporate/xbrl/SHP_1653210_17042026041925_WEB.xml,2026-05-22T17:02:58+00:00
2026Q1,31-MAR-2026,VBL,Varun Beverages Limited,FMCG,Nifty Next 50,19.51,14.4,https://nsearchives.nseindia.com/corporate/xbrl/SHP_1648827_10042026045626_WEB.xml,2026-06-04T18:22:24+00:00
2026Q1,31-MAR-2026,VEDL,Vedanta Limited,Metals,Nifty Next 50,13.93,13.43,https://nsearchives.nseindia.com/corporate/xbrl/SHP_1652799_17042026103831_WEB.xml,2026-06-04T18:22:29+00:00
2026Q1,31-MAR-2026,VOLTAS,Voltas Limited,Consumer Durables,Midcap,18.45,38.4,https://nsearchives.nseindia.com/corporate/xbrl/SHP_1655631_20042026092159_WEB.xml,2026-06-04T17:29:44+00:00
2026Q1,31-MAR-2026,WIPRO,Wipro Limited,IT,Nifty 50,10.79,7.86,https://nsearchives.nseindia.com/corporate/xbrl/SHP_1654457_19042026063829_WEB.xml,2026-05-22T17:03:06+00:00
2026Q1,31-MAR-2026,YESBANK,Yes Bank Limited,Banking,Midcap,46.42,21.82,https://nsearchives.nseindia.com/corporate/xbrl/SHP_1654397_18042026074005_WEB.xml,2026-05-22T16:49:17+00:00
2026Q1,31-MAR-2026,ZEEL,Zee Entertainment Enterprises Limited,Media,Midcap,25.33,10.9,https://nsearchives.nseindia.com/corporate/xbrl/SHP_1655020_20042026042139_WEB.xml,2026-05-22T16:49:25+00:00
2026Q1,31-MAR-2026,ZYDUSLIFE,Zydus Lifesciences Limited,Pharma,Nifty Next 50,6.95,11.2,https://nsearchives.nseindia.com/corporate/xbrl/SHP_1647863_09042026020206_WEB.xml,2026-06-04T18:22:35+00:00
